filename,Social Media Logo,Social Media Logo Type,Social Media Screenshot,Social Media Screenshot Type,
FOXNEWSW_20200314_030000_Fox_News_at_Night_With_Shannon_Bream-000052.jpg,Yes,Twitter,No,N/A,
FOXNEWSW_20200314_030000_Fox_News_at_Night_With_Shannon_Bream-000053.jpg,Yes,Twitter,No,N/A,
FOXNEWSW_20200314_030000_Fox_News_at_Night_With_Shannon_Bream-000054.jpg,Yes,Twitter,No,N/A,
FOXNEWSW_20200314_030000_Fox_News_at_Night_With_Shannon_Bream-000317.jpg,Yes,Twitter,Yes,Twitter,*partial
FOXNEWSW_20200314_030000_Fox_News_at_Night_With_Shannon_Bream-000318.jpg,Yes,Twitter,Yes,Twitter,
FOXNEWSW_20200314_030000_Fox_News_at_Night_With_Shannon_Bream-000319.jpg,Yes,Twitter,Yes,Twitter,
FOXNEWSW_20200314_030000_Fox_News_at_Night_With_Shannon_Bream-000320.jpg,Yes,Twitter,Yes,Twitter,
FOXNEWSW_20200314_030000_Fox_News_at_Night_With_Shannon_Bream-000321.jpg,Yes,Twitter,Yes,Twitter,
FOXNEWSW_20200314_030000_Fox_News_at_Night_With_Shannon_Bream-000322.jpg,Yes,Twitter,Yes,Twitter,
FOXNEWSW_20200314_030000_Fox_News_at_Night_With_Shannon_Bream-000323.jpg,Yes,Twitter,Yes,Twitter,
FOXNEWSW_20200314_030000_Fox_News_at_Night_With_Shannon_Bream-000324.jpg,Yes,Twitter,Yes,Twitter,
FOXNEWSW_20200314_030000_Fox_News_at_Night_With_Shannon_Bream-000325.jpg,Yes,Twitter,Yes,Twitter,
FOXNEWSW_20200314_030000_Fox_News_at_Night_With_Shannon_Bream-000326.jpg,Yes,Twitter,Yes,Twitter,
FOXNEWSW_20200314_030000_Fox_News_at_Night_With_Shannon_Bream-000327.jpg,Yes,Twitter,Yes,Twitter,
FOXNEWSW_20200314_030000_Fox_News_at_Night_With_Shannon_Bream-000328.jpg,Yes,Twitter,Yes,Twitter,
FOXNEWSW_20200314_030000_Fox_News_at_Night_With_Shannon_Bream-000329.jpg,Yes,Twitter,Yes,Twitter,
FOXNEWSW_20200314_030000_Fox_News_at_Night_With_Shannon_Bream-000330.jpg,Yes,Twitter,Yes,Twitter,
FOXNEWSW_20200314_030000_Fox_News_at_Night_With_Shannon_Bream-000331.jpg,Yes,Twitter,Yes,Twitter,
FOXNEWSW_20200314_030000_Fox_News_at_Night_With_Shannon_Bream-000333.jpg,Yes,Twitter,Yes,Twitter,*partial
FOXNEWSW_20200314_030000_Fox_News_at_Night_With_Shannon_Bream-000334.jpg,Yes,Twitter,Yes,Twitter,
FOXNEWSW_20200314_030000_Fox_News_at_Night_With_Shannon_Bream-000335.jpg,Yes,Twitter,Yes,Twitter,
FOXNEWSW_20200314_030000_Fox_News_at_Night_With_Shannon_Bream-000336.jpg,Yes,Twitter,Yes,Twitter,
FOXNEWSW_20200314_030000_Fox_News_at_Night_With_Shannon_Bream-000337.jpg,Yes,Twitter,Yes,Twitter,
FOXNEWSW_20200314_030000_Fox_News_at_Night_With_Shannon_Bream-001097.jpg,Yes,Instagram,No,N/A,
FOXNEWSW_20200314_030000_Fox_News_at_Night_With_Shannon_Bream-001098.jpg,Yes,Instagram,No,N/A,
FOXNEWSW_20200314_030000_Fox_News_at_Night_With_Shannon_Bream-001099.jpg,Yes,Instagram,No,N/A,
FOXNEWSW_20200314_030000_Fox_News_at_Night_With_Shannon_Bream-001100.jpg,Yes,Instagram,No,N/A,
FOXNEWSW_20200314_030000_Fox_News_at_Night_With_Shannon_Bream-001101.jpg,Yes,Instagram,No,N/A,
FOXNEWSW_20200314_030000_Fox_News_at_Night_With_Shannon_Bream-001102.jpg,Yes,Instagram,No,N/A,
FOXNEWSW_20200314_030000_Fox_News_at_Night_With_Shannon_Bream-001103.jpg,Yes,Instagram,No,N/A,
FOXNEWSW_20200314_030000_Fox_News_at_Night_With_Shannon_Bream-001183.jpg,Yes,Twitter,Yes,Twitter,*partial
FOXNEWSW_20200314_030000_Fox_News_at_Night_With_Shannon_Bream-001184.jpg,Yes,Twitter,Yes,Twitter,
FOXNEWSW_20200314_030000_Fox_News_at_Night_With_Shannon_Bream-001185.jpg,Yes,Twitter,Yes,Twitter,
FOXNEWSW_20200314_030000_Fox_News_at_Night_With_Shannon_Bream-001186.jpg,Yes,Twitter,Yes,Twitter,
FOXNEWSW_20200314_030000_Fox_News_at_Night_With_Shannon_Bream-001187.jpg,Yes,Twitter,Yes,Twitter,
FOXNEWSW_20200314_030000_Fox_News_at_Night_With_Shannon_Bream-001188.jpg,Yes,Twitter,Yes,Twitter,
FOXNEWSW_20200314_030000_Fox_News_at_Night_With_Shannon_Bream-001189.jpg,Yes,Twitter,Yes,Twitter,
FOXNEWSW_20200314_030000_Fox_News_at_Night_With_Shannon_Bream-001190.jpg,Yes,Twitter,Yes,Twitter,
FOXNEWSW_20200314_030000_Fox_News_at_Night_With_Shannon_Bream-001191.jpg,Yes,Twitter,Yes,Twitter,
FOXNEWSW_20200314_030000_Fox_News_at_Night_With_Shannon_Bream-001192.jpg,Yes,Twitter,Yes,Twitter,
FOXNEWSW_20200314_030000_Fox_News_at_Night_With_Shannon_Bream-001193.jpg,Yes,Twitter,Yes,Twitter,
FOXNEWSW_20200314_030000_Fox_News_at_Night_With_Shannon_Bream-001194.jpg,Yes,Twitter,Yes,Twitter,
FOXNEWSW_20200314_030000_Fox_News_at_Night_With_Shannon_Bream-001195.jpg,Yes,Twitter,Yes,Twitter,
FOXNEWSW_20200314_030000_Fox_News_at_Night_With_Shannon_Bream-001196.jpg,Yes,Twitter,Yes,Twitter,
FOXNEWSW_20200314_030000_Fox_News_at_Night_With_Shannon_Bream-001197.jpg,Yes,Twitter,Yes,Twitter,
FOXNEWSW_20200314_030000_Fox_News_at_Night_With_Shannon_Bream-001315.jpg,Yes,Twitter,Yes,Twitter,
FOXNEWSW_20200314_030000_Fox_News_at_Night_With_Shannon_Bream-001316.jpg,Yes,Twitter,Yes,Twitter,
FOXNEWSW_20200314_030000_Fox_News_at_Night_With_Shannon_Bream-001317.jpg,Yes,Twitter,Yes,Twitter,
FOXNEWSW_20200314_030000_Fox_News_at_Night_With_Shannon_Bream-001318.jpg,Yes,Twitter,Yes,Twitter,
FOXNEWSW_20200314_030000_Fox_News_at_Night_With_Shannon_Bream-001319.jpg,Yes,Twitter,Yes,Twitter,
FOXNEWSW_20200314_030000_Fox_News_at_Night_With_Shannon_Bream-001320.jpg,Yes,Twitter,Yes,Twitter,
FOXNEWSW_20200314_030000_Fox_News_at_Night_With_Shannon_Bream-001321.jpg,Yes,Twitter,Yes,Twitter,
FOXNEWSW_20200314_030000_Fox_News_at_Night_With_Shannon_Bream-001322.jpg,Yes,Twitter,Yes,Twitter,
FOXNEWSW_20200314_030000_Fox_News_at_Night_With_Shannon_Bream-001323.jpg,Yes,Twitter,Yes,Twitter,
FOXNEWSW_20200314_030000_Fox_News_at_Night_With_Shannon_Bream-002582.jpg,Yes,Twitter,Yes,Twitter,*partial
FOXNEWSW_20200314_030000_Fox_News_at_Night_With_Shannon_Bream-002583.jpg,Yes,Twitter,Yes,Twitter,
FOXNEWSW_20200314_030000_Fox_News_at_Night_With_Shannon_Bream-002584.jpg,Yes,Twitter,Yes,Twitter,
FOXNEWSW_20200314_030000_Fox_News_at_Night_With_Shannon_Bream-002585.jpg,Yes,Twitter,Yes,Twitter,
FOXNEWSW_20200314_030000_Fox_News_at_Night_With_Shannon_Bream-002586.jpg,Yes,Twitter,Yes,Twitter,
FOXNEWSW_20200314_030000_Fox_News_at_Night_With_Shannon_Bream-002587.jpg,Yes,Twitter,Yes,Twitter,
FOXNEWSW_20200314_030000_Fox_News_at_Night_With_Shannon_Bream-002588.jpg,Yes,Twitter,Yes,Twitter,
FOXNEWSW_20200314_030000_Fox_News_at_Night_With_Shannon_Bream-002589.jpg,Yes,Twitter,Yes,Twitter,
FOXNEWSW_20200314_030000_Fox_News_at_Night_With_Shannon_Bream-002590.jpg,Yes,Twitter,Yes,Twitter,
FOXNEWSW_20200314_030000_Fox_News_at_Night_With_Shannon_Bream-002591.jpg,Yes,Twitter,Yes,Twitter,
FOXNEWSW_20200314_030000_Fox_News_at_Night_With_Shannon_Bream-002592.jpg,Yes,Twitter,Yes,Twitter,
FOXNEWSW_20200314_030000_Fox_News_at_Night_With_Shannon_Bream-003046.jpg,Yes,Twitter,No,N/A,
FOXNEWSW_20200314_030000_Fox_News_at_Night_With_Shannon_Bream-003047.jpg,Yes,Twitter,No,N/A,
FOXNEWSW_20200314_030000_Fox_News_at_Night_With_Shannon_Bream-003048.jpg,Yes,Twitter,No,N/A,
FOXNEWSW_20200314_030000_Fox_News_at_Night_With_Shannon_Bream-003049.jpg,Yes,Twitter,No,N/A,
FOXNEWSW_20200314_030000_Fox_News_at_Night_With_Shannon_Bream-003050.jpg,Yes,Twitter,No,N/A,
FOXNEWSW_20200314_030000_Fox_News_at_Night_With_Shannon_Bream-003051.jpg,Yes,Twitter,No,N/A,
FOXNEWSW_20200314_040000_Tucker_Carlson_Tonight-002943.jpg,No,N/A,Yes,Twitter,
FOXNEWSW_20200314_040000_Tucker_Carlson_Tonight-002944.jpg,No,N/A,Yes,Twitter,
FOXNEWSW_20200314_040000_Tucker_Carlson_Tonight-002945.jpg,No,N/A,Yes,Twitter,
FOXNEWSW_20200314_040000_Tucker_Carlson_Tonight-002946.jpg,No,N/A,Yes,Twitter,
FOXNEWSW_20200314_040000_Tucker_Carlson_Tonight-002947.jpg,No,N/A,Yes,Twitter,
FOXNEWSW_20200314_040000_Tucker_Carlson_Tonight-002948.jpg,No,N/A,Yes,Twitter,
FOXNEWSW_20200314_040000_Tucker_Carlson_Tonight-002949.jpg,No,N/A,Yes,Twitter,
FOXNEWSW_20200314_040000_Tucker_Carlson_Tonight-002950.jpg,No,N/A,Yes,Twitter,
FOXNEWSW_20200314_040000_Tucker_Carlson_Tonight-002951.jpg,No,N/A,Yes,Twitter,
FOXNEWSW_20200314_040000_Tucker_Carlson_Tonight-002952.jpg,No,N/A,Yes,Twitter,
FOXNEWSW_20200314_040000_Tucker_Carlson_Tonight-002953.jpg,No,N/A,Yes,Twitter,
FOXNEWSW_20200314_040000_Tucker_Carlson_Tonight-002954.jpg,No,N/A,Yes,Twitter,
FOXNEWSW_20200314_040000_Tucker_Carlson_Tonight-002955.jpg,No,N/A,Yes,Twitter,
FOXNEWSW_20200314_040000_Tucker_Carlson_Tonight-002956.jpg,No,N/A,Yes,Twitter,
FOXNEWSW_20200314_040000_Tucker_Carlson_Tonight-002957.jpg,No,N/A,Yes,Twitter,
FOXNEWSW_20200314_040000_Tucker_Carlson_Tonight-002958.jpg,No,N/A,Yes,Twitter,
FOXNEWSW_20200314_040000_Tucker_Carlson_Tonight-002959.jpg,No,N/A,Yes,Twitter,
FOXNEWSW_20200314_040000_Tucker_Carlson_Tonight-002960.jpg,No,N/A,Yes,Twitter,*partial
FOXNEWSW_20200314_050000_Hannity-001316.jpg,Yes,Twitter,Yes,Twitter,*partial
FOXNEWSW_20200314_050000_Hannity-001317.jpg,Yes,Twitter,Yes,Twitter,
FOXNEWSW_20200314_050000_Hannity-001318.jpg,Yes,Twitter,Yes,Twitter,
FOXNEWSW_20200314_050000_Hannity-001319.jpg,Yes,Twitter,Yes,Twitter,
FOXNEWSW_20200314_050000_Hannity-001320.jpg,Yes,Twitter,Yes,Twitter,
FOXNEWSW_20200314_050000_Hannity-001321.jpg,Yes,Twitter,Yes,Twitter,
FOXNEWSW_20200314_050000_Hannity-001323.jpg,Yes,Twitter,Yes,Twitter,
FOXNEWSW_20200314_050000_Hannity-001324.jpg,Yes,Twitter,Yes,Twitter,
FOXNEWSW_20200314_050000_Hannity-001325.jpg,Yes,Twitter,Yes,Twitter,
FOXNEWSW_20200314_050000_Hannity-001326.jpg,Yes,Twitter,Yes,Twitter,
FOXNEWSW_20200314_050000_Hannity-001327.jpg,Yes,Twitter,Yes,Twitter,
FOXNEWSW_20200314_050000_Hannity-001328.jpg,Yes,Twitter,Yes,Twitter,
FOXNEWSW_20200314_050000_Hannity-001329.jpg,Yes,Twitter,Yes,Twitter,
FOXNEWSW_20200314_050000_Hannity-001330.jpg,Yes,Twitter,Yes,Twitter,
FOXNEWSW_20200314_050000_Hannity-001331.jpg,Yes,Twitter,Yes,Twitter,
FOXNEWSW_20200314_050000_Hannity-001332.jpg,Yes,Twitter,Yes,Twitter,
FOXNEWSW_20200314_050000_Hannity-001333.jpg,Yes,Twitter,Yes,Twitter,
FOXNEWSW_20200314_050000_Hannity-001334.jpg,Yes,Twitter,Yes,Twitter,*partial
FOXNEWSW_20200314_050000_Hannity-003116.jpg,Yes,Twitter,Yes,Twitter,
FOXNEWSW_20200314_050000_Hannity-003117.jpg,Yes,Twitter,Yes,Twitter,
FOXNEWSW_20200314_050000_Hannity-003118.jpg,Yes,Twitter,Yes,Twitter,
FOXNEWSW_20200314_050000_Hannity-003119.jpg,Yes,Twitter,Yes,Twitter,
FOXNEWSW_20200314_050000_Hannity-003120.jpg,Yes,Twitter,Yes,Twitter,
FOXNEWSW_20200314_050000_Hannity-003121.jpg,Yes,Twitter,Yes,Twitter,
FOXNEWSW_20200314_050000_Hannity-003122.jpg,Yes,Twitter,Yes,Twitter,
FOXNEWSW_20200314_050000_Hannity-003615.jpg,Yes,Twitter,No,N/A,
FOXNEWSW_20200314_050000_Hannity-003616.jpg,Yes,Twitter,No,N/A,
FOXNEWSW_20200314_050000_Hannity-003617.jpg,Yes,Twitter,No,N/A,
FOXNEWSW_20200314_050000_Hannity-003618.jpg,Yes,Twitter,No,N/A,
FOXNEWSW_20200314_050000_Hannity-003619.jpg,Yes,Twitter,No,N/A,
FOXNEWSW_20200314_050000_Hannity-003620.jpg,Yes,Twitter,No,N/A,
FOXNEWSW_20200314_050000_Hannity-003621.jpg,Yes,Twitter,No,N/A,
FOXNEWSW_20210110_040000_Watters_World-000000.jpg,Yes,Twitter,No,N/A,
FOXNEWSW_20210110_040000_Watters_World-000001.jpg,Yes,Twitter,No,N/A,
FOXNEWSW_20210110_040000_Watters_World-000002.jpg,Yes,Twitter,No,N/A,
FOXNEWSW_20210110_040000_Watters_World-000003.jpg,Yes,Twitter,No,N/A,
FOXNEWSW_20210110_040000_Watters_World-000004.jpg,Yes,Twitter,No,N/A,
FOXNEWSW_20210110_040000_Watters_World-000005.jpg,Yes,Twitter,No,N/A,
FOXNEWSW_20210110_040000_Watters_World-000006.jpg,Yes,Twitter,No,N/A,
FOXNEWSW_20210110_040000_Watters_World-003015.jpg,Yes,Instagram,No,N/A,
FOXNEWSW_20210110_040000_Watters_World-003016.jpg,Yes,Instagram,No,N/A,
FOXNEWSW_20210110_040000_Watters_World-003017.jpg,Yes,Instagram,No,N/A,
FOXNEWSW_20210110_040000_Watters_World-003018.jpg,Yes,Instagram,No,N/A,
FOXNEWSW_20210110_040000_Watters_World-003019.jpg,Yes,Instagram,No,N/A,
FOXNEWSW_20210110_040000_Watters_World-003020.jpg,Yes,Instagram,No,N/A,
FOXNEWSW_20210110_040000_Watters_World-003021.jpg,Yes,Instagram,No,N/A,
FOXNEWSW_20210110_040000_Watters_World-003595.jpg,Yes,"Facebook, Twitter, Instagram",No,N/A,
FOXNEWSW_20210110_040000_Watters_World-003596.jpg,Yes,"Facebook, Twitter, Instagram",No,N/A,
FOXNEWSW_20210110_040000_Watters_World-003597.jpg,Yes,"Facebook, Twitter, Instagram",No,N/A,
FOXNEWSW_20210110_040000_Watters_World-003598.jpg,Yes,"Facebook, Twitter, Instagram",No,N/A,
FOXNEWSW_20210110_040000_Watters_World-003599.jpg,Yes,"Facebook, Twitter, Instagram",No,N/A,
FOXNEWSW_20210110_050000_Justice_With_Judge_Jeanine-000026.jpg,Yes,Twitter,No,N/A,
FOXNEWSW_20210110_050000_Justice_With_Judge_Jeanine-000027.jpg,Yes,Twitter,No,N/A,
FOXNEWSW_20210110_050000_Justice_With_Judge_Jeanine-000028.jpg,Yes,Twitter,No,N/A,
FOXNEWSW_20210110_050000_Justice_With_Judge_Jeanine-000029.jpg,Yes,Twitter,No,N/A,
FOXNEWSW_20210110_050000_Justice_With_Judge_Jeanine-000030.jpg,Yes,Twitter,No,N/A,
FOXNEWSW_20210110_050000_Justice_With_Judge_Jeanine-000031.jpg,Yes,Twitter,No,N/A,
FOXNEWSW_20210110_050000_Justice_With_Judge_Jeanine-000032.jpg,Yes,Twitter,No,N/A,
FOXNEWSW_20210110_050000_Justice_With_Judge_Jeanine-000033.jpg,Yes,Twitter,No,N/A,
FOXNEWSW_20210110_050000_Justice_With_Judge_Jeanine-000034.jpg,Yes,Twitter,No,N/A,
FOXNEWSW_20210110_050000_Justice_With_Judge_Jeanine-000560.jpg,Yes,"Twitter, Instagram, Facebook",No,N/A,
FOXNEWSW_20210110_050000_Justice_With_Judge_Jeanine-000561.jpg,Yes,"Twitter, Instagram, Facebook",No,N/A,
FOXNEWSW_20210110_050000_Justice_With_Judge_Jeanine-000562.jpg,Yes,"Twitter, Instagram, Facebook",No,N/A,
FOXNEWSW_20210110_050000_Justice_With_Judge_Jeanine-000563.jpg,Yes,"Twitter, Instagram, Facebook",No,N/A,
FOXNEWSW_20210110_050000_Justice_With_Judge_Jeanine-000593.jpg,Yes,Parler,No,N/A,
FOXNEWSW_20210110_050000_Justice_With_Judge_Jeanine-000594.jpg,Yes,Parler,No,N/A,
FOXNEWSW_20210110_050000_Justice_With_Judge_Jeanine-000595.jpg,Yes,Parler,No,N/A,
FOXNEWSW_20210110_050000_Justice_With_Judge_Jeanine-000596.jpg,Yes,Parler,No,N/A,
FOXNEWSW_20210110_050000_Justice_With_Judge_Jeanine-000597.jpg,Yes,Parler,No,N/A,
FOXNEWSW_20210110_050000_Justice_With_Judge_Jeanine-000598.jpg,Yes,Parler,No,N/A,
FOXNEWSW_20210110_050000_Justice_With_Judge_Jeanine-000599.jpg,Yes,Parler,No,N/A,
FOXNEWSW_20210110_050000_Justice_With_Judge_Jeanine-000600.jpg,Yes,Parler,No,N/A,
FOXNEWSW_20210110_050000_Justice_With_Judge_Jeanine-000601.jpg,Yes,Parler,No,N/A,
FOXNEWSW_20210110_050000_Justice_With_Judge_Jeanine-000602.jpg,Yes,Parler,No,N/A,
FOXNEWSW_20210110_050000_Justice_With_Judge_Jeanine-000603.jpg,Yes,Parler,No,N/A,
FOXNEWSW_20210110_050000_Justice_With_Judge_Jeanine-000604.jpg,Yes,Parler,No,N/A,
FOXNEWSW_20210110_050000_Justice_With_Judge_Jeanine-000605.jpg,Yes,Parler,No,N/A,
FOXNEWSW_20210110_050000_Justice_With_Judge_Jeanine-000606.jpg,Yes,Parler,No,N/A,
FOXNEWSW_20210110_050000_Justice_With_Judge_Jeanine-000607.jpg,Yes,Parler,No,N/A,
FOXNEWSW_20210110_050000_Justice_With_Judge_Jeanine-000608.jpg,Yes,Parler,No,N/A,
FOXNEWSW_20210110_050000_Justice_With_Judge_Jeanine-000609.jpg,Yes,Parler,No,N/A,
FOXNEWSW_20210110_050000_Justice_With_Judge_Jeanine-000610.jpg,Yes,Parler,No,N/A,
FOXNEWSW_20210110_050000_Justice_With_Judge_Jeanine-000611.jpg,Yes,Parler,No,N/A,
FOXNEWSW_20210110_050000_Justice_With_Judge_Jeanine-000612.jpg,Yes,Parler,No,N/A,
FOXNEWSW_20210110_050000_Justice_With_Judge_Jeanine-000613.jpg,Yes,Parler,No,N/A,
FOXNEWSW_20210110_050000_Justice_With_Judge_Jeanine-000614.jpg,Yes,Parler,No,N/A,
FOXNEWSW_20210110_050000_Justice_With_Judge_Jeanine-000615.jpg,Yes,Parler,No,N/A,
FOXNEWSW_20210110_050000_Justice_With_Judge_Jeanine-000616.jpg,Yes,Parler,No,N/A,
FOXNEWSW_20210110_050000_Justice_With_Judge_Jeanine-000617.jpg,Yes,Parler,No,N/A,
FOXNEWSW_20210110_050000_Justice_With_Judge_Jeanine-000618.jpg,Yes,Parler,No,N/A,
FOXNEWSW_20210110_050000_Justice_With_Judge_Jeanine-000619.jpg,Yes,Parler,No,N/A,
FOXNEWSW_20210110_050000_Justice_With_Judge_Jeanine-000620.jpg,Yes,Parler,No,N/A,
FOXNEWSW_20210110_050000_Justice_With_Judge_Jeanine-000621.jpg,Yes,Parler,No,N/A,
FOXNEWSW_20210110_050000_Justice_With_Judge_Jeanine-000622.jpg,Yes,Parler,No,N/A,
FOXNEWSW_20210110_050000_Justice_With_Judge_Jeanine-000623.jpg,Yes,Parler,No,N/A,
FOXNEWSW_20210110_050000_Justice_With_Judge_Jeanine-000624.jpg,Yes,Parler,No,N/A,
FOXNEWSW_20210110_050000_Justice_With_Judge_Jeanine-000625.jpg,Yes,Parler,No,N/A,
FOXNEWSW_20210110_050000_Justice_With_Judge_Jeanine-000626.jpg,Yes,Parler,No,N/A,
FOXNEWSW_20210110_050000_Justice_With_Judge_Jeanine-000627.jpg,Yes,Parler,No,N/A,
FOXNEWSW_20210110_050000_Justice_With_Judge_Jeanine-000628.jpg,Yes,Parler,No,N/A,
FOXNEWSW_20210110_050000_Justice_With_Judge_Jeanine-000629.jpg,Yes,Parler,No,N/A,
FOXNEWSW_20210110_050000_Justice_With_Judge_Jeanine-000766.jpg,Yes,Parler,No,N/A,
FOXNEWSW_20210110_050000_Justice_With_Judge_Jeanine-000767.jpg,Yes,Parler,No,N/A,
FOXNEWSW_20210110_050000_Justice_With_Judge_Jeanine-000768.jpg,Yes,Parler,No,N/A,
FOXNEWSW_20210110_050000_Justice_With_Judge_Jeanine-000769.jpg,Yes,Parler,No,N/A,
FOXNEWSW_20210110_050000_Justice_With_Judge_Jeanine-000770.jpg,Yes,Parler,No,N/A,
FOXNEWSW_20210110_050000_Justice_With_Judge_Jeanine-000771.jpg,Yes,Parler,No,N/A,
FOXNEWSW_20210110_050000_Justice_With_Judge_Jeanine-000772.jpg,Yes,Parler,No,N/A,
FOXNEWSW_20210110_050000_Justice_With_Judge_Jeanine-000773.jpg,Yes,Parler,No,N/A,
FOXNEWSW_20210110_050000_Justice_With_Judge_Jeanine-000774.jpg,Yes,Parler,No,N/A,
FOXNEWSW_20210110_050000_Justice_With_Judge_Jeanine-000775.jpg,Yes,Parler,No,N/A,
FOXNEWSW_20210110_050000_Justice_With_Judge_Jeanine-000776.jpg,Yes,Parler,No,N/A,
FOXNEWSW_20210110_050000_Justice_With_Judge_Jeanine-000777.jpg,Yes,Parler,No,N/A,
FOXNEWSW_20210110_050000_Justice_With_Judge_Jeanine-000778.jpg,Yes,Parler,No,N/A,
FOXNEWSW_20210110_050000_Justice_With_Judge_Jeanine-000779.jpg,Yes,Parler,No,N/A,
FOXNEWSW_20210110_050000_Justice_With_Judge_Jeanine-000780.jpg,Yes,Parler,No,N/A,
FOXNEWSW_20210110_050000_Justice_With_Judge_Jeanine-000781.jpg,Yes,Parler,No,N/A,
FOXNEWSW_20210110_050000_Justice_With_Judge_Jeanine-000782.jpg,Yes,Parler,No,N/A,
FOXNEWSW_20210110_050000_Justice_With_Judge_Jeanine-000783.jpg,Yes,Parler,No,N/A,
FOXNEWSW_20210110_050000_Justice_With_Judge_Jeanine-000784.jpg,Yes,Parler,No,N/A,
FOXNEWSW_20210110_050000_Justice_With_Judge_Jeanine-000785.jpg,Yes,Parler,No,N/A,
FOXNEWSW_20210110_050000_Justice_With_Judge_Jeanine-000786.jpg,Yes,Parler,No,N/A,
FOXNEWSW_20210110_050000_Justice_With_Judge_Jeanine-000787.jpg,Yes,Parler,No,N/A,
FOXNEWSW_20210110_050000_Justice_With_Judge_Jeanine-000788.jpg,Yes,Parler,No,N/A,
FOXNEWSW_20210110_050000_Justice_With_Judge_Jeanine-000789.jpg,Yes,Parler,No,N/A,
FOXNEWSW_20210110_050000_Justice_With_Judge_Jeanine-000790.jpg,Yes,Parler,No,N/A,
FOXNEWSW_20210110_050000_Justice_With_Judge_Jeanine-000791.jpg,Yes,Parler,No,N/A,
FOXNEWSW_20210110_050000_Justice_With_Judge_Jeanine-000792.jpg,Yes,Parler,No,N/A,
FOXNEWSW_20210110_050000_Justice_With_Judge_Jeanine-000793.jpg,Yes,Parler,No,N/A,
FOXNEWSW_20210110_050000_Justice_With_Judge_Jeanine-000794.jpg,Yes,Parler,No,N/A,
FOXNEWSW_20210110_050000_Justice_With_Judge_Jeanine-000795.jpg,Yes,Parler,No,N/A,
FOXNEWSW_20210110_050000_Justice_With_Judge_Jeanine-000796.jpg,Yes,Parler,No,N/A,
FOXNEWSW_20210110_050000_Justice_With_Judge_Jeanine-000797.jpg,Yes,Parler,No,N/A,
FOXNEWSW_20210110_050000_Justice_With_Judge_Jeanine-000798.jpg,Yes,Parler,No,N/A,
FOXNEWSW_20210110_050000_Justice_With_Judge_Jeanine-000799.jpg,Yes,Parler,No,N/A,
FOXNEWSW_20210110_050000_Justice_With_Judge_Jeanine-000800.jpg,Yes,Parler,No,N/A,
FOXNEWSW_20210110_050000_Justice_With_Judge_Jeanine-000801.jpg,Yes,Parler,No,N/A,
FOXNEWSW_20210110_050000_Justice_With_Judge_Jeanine-000802.jpg,Yes,Parler,No,N/A,
FOXNEWSW_20210110_050000_Justice_With_Judge_Jeanine-001024.jpg,No,N/A,Yes,Twitter,
FOXNEWSW_20210110_050000_Justice_With_Judge_Jeanine-001025.jpg,No,N/A,Yes,Twitter,
FOXNEWSW_20210110_050000_Justice_With_Judge_Jeanine-001026.jpg,No,N/A,Yes,Twitter,
FOXNEWSW_20210110_050000_Justice_With_Judge_Jeanine-001027.jpg,No,N/A,Yes,Twitter,
FOXNEWSW_20210110_050000_Justice_With_Judge_Jeanine-001028.jpg,No,N/A,Yes,Twitter,
FOXNEWSW_20210110_050000_Justice_With_Judge_Jeanine-001029.jpg,No,N/A,Yes,Twitter,
FOXNEWSW_20210110_050000_Justice_With_Judge_Jeanine-001030.jpg,No,N/A,Yes,Twitter,
FOXNEWSW_20210110_050000_Justice_With_Judge_Jeanine-001031.jpg,No,N/A,Yes,Twitter,
FOXNEWSW_20210110_050000_Justice_With_Judge_Jeanine-001032.jpg,No,N/A,Yes,Twitter,
FOXNEWSW_20210110_050000_Justice_With_Judge_Jeanine-001033.jpg,No,N/A,Yes,Twitter,
FOXNEWSW_20210110_050000_Justice_With_Judge_Jeanine-001034.jpg,No,N/A,Yes,Twitter,
FOXNEWSW_20210110_050000_Justice_With_Judge_Jeanine-001035.jpg,No,N/A,Yes,Twitter,
FOXNEWSW_20210110_050000_Justice_With_Judge_Jeanine-001036.jpg,No,N/A,Yes,Twitter,
FOXNEWSW_20210110_050000_Justice_With_Judge_Jeanine-001037.jpg,No,N/A,Yes,Twitter,
FOXNEWSW_20210110_050000_Justice_With_Judge_Jeanine-001038.jpg,No,N/A,Yes,Twitter,*partial
FOXNEWSW_20210110_050000_Justice_With_Judge_Jeanine-001438.jpg,Yes,Parler,No,N/A,
FOXNEWSW_20210110_050000_Justice_With_Judge_Jeanine-001439.jpg,Yes,Parler,No,N/A,
FOXNEWSW_20210110_050000_Justice_With_Judge_Jeanine-001440.jpg,Yes,Parler,No,N/A,
FOXNEWSW_20210110_050000_Justice_With_Judge_Jeanine-001441.jpg,Yes,Parler,No,N/A,
FOXNEWSW_20210110_050000_Justice_With_Judge_Jeanine-001442.jpg,Yes,Parler,No,N/A,
FOXNEWSW_20210110_050000_Justice_With_Judge_Jeanine-001443.jpg,Yes,Parler,No,N/A,
FOXNEWSW_20210110_050000_Justice_With_Judge_Jeanine-001444.jpg,Yes,Parler,No,N/A,
FOXNEWSW_20210110_050000_Justice_With_Judge_Jeanine-001445.jpg,Yes,Parler,No,N/A,
FOXNEWSW_20210110_050000_Justice_With_Judge_Jeanine-001446.jpg,Yes,Parler,No,N/A,
FOXNEWSW_20210110_050000_Justice_With_Judge_Jeanine-001447.jpg,Yes,Parler,No,N/A,
FOXNEWSW_20210110_050000_Justice_With_Judge_Jeanine-001448.jpg,Yes,Parler,No,N/A,
FOXNEWSW_20210110_050000_Justice_With_Judge_Jeanine-001449.jpg,Yes,Parler,No,N/A,
FOXNEWSW_20210110_050000_Justice_With_Judge_Jeanine-001450.jpg,Yes,Parler,No,N/A,
FOXNEWSW_20210110_050000_Justice_With_Judge_Jeanine-001451.jpg,Yes,Parler,No,N/A,
FOXNEWSW_20210110_050000_Justice_With_Judge_Jeanine-001452.jpg,Yes,Parler,No,N/A,
FOXNEWSW_20210110_050000_Justice_With_Judge_Jeanine-001453.jpg,Yes,Parler,No,N/A,
FOXNEWSW_20210110_050000_Justice_With_Judge_Jeanine-001454.jpg,Yes,Parler,No,N/A,
FOXNEWSW_20210110_050000_Justice_With_Judge_Jeanine-001455.jpg,Yes,Parler,No,N/A,
FOXNEWSW_20210110_050000_Justice_With_Judge_Jeanine-001456.jpg,Yes,Parler,No,N/A,
FOXNEWSW_20210110_050000_Justice_With_Judge_Jeanine-001515.jpg,Yes,Parler,No,N/A,*partial
FOXNEWSW_20210110_050000_Justice_With_Judge_Jeanine-001970.jpg,Yes,Twitter,No,N/A,
FOXNEWSW_20210110_050000_Justice_With_Judge_Jeanine-001971.jpg,Yes,Twitter,No,N/A,
FOXNEWSW_20210110_050000_Justice_With_Judge_Jeanine-001972.jpg,Yes,Twitter,No,N/A,
FOXNEWSW_20210110_050000_Justice_With_Judge_Jeanine-001973.jpg,Yes,Twitter,No,N/A,
FOXNEWSW_20210110_050000_Justice_With_Judge_Jeanine-001974.jpg,Yes,Twitter,No,N/A,
FOXNEWSW_20210110_050000_Justice_With_Judge_Jeanine-001975.jpg,Yes,Twitter,No,N/A,
FOXNEWSW_20210110_050000_Justice_With_Judge_Jeanine-001993.jpg,Yes,Parler,No,N/A,
FOXNEWSW_20210110_050000_Justice_With_Judge_Jeanine-001994.jpg,Yes,Parler,No,N/A,
FOXNEWSW_20210110_050000_Justice_With_Judge_Jeanine-001995.jpg,Yes,Parler,No,N/A,
FOXNEWSW_20210110_050000_Justice_With_Judge_Jeanine-001996.jpg,Yes,Parler,No,N/A,
FOXNEWSW_20210110_050000_Justice_With_Judge_Jeanine-001997.jpg,Yes,Parler,No,N/A,*partial
FOXNEWSW_20210110_050000_Justice_With_Judge_Jeanine-001998.jpg,Yes,Parler,No,N/A,
FOXNEWSW_20210110_050000_Justice_With_Judge_Jeanine-001999.jpg,Yes,Parler,No,N/A,
FOXNEWSW_20210110_050000_Justice_With_Judge_Jeanine-002000.jpg,Yes,Parler,No,N/A,
FOXNEWSW_20210110_050000_Justice_With_Judge_Jeanine-002001.jpg,Yes,Parler,No,N/A,
FOXNEWSW_20210110_050000_Justice_With_Judge_Jeanine-002002.jpg,Yes,Parler,No,N/A,
FOXNEWSW_20210110_050000_Justice_With_Judge_Jeanine-002003.jpg,Yes,Parler,No,N/A,
FOXNEWSW_20210110_050000_Justice_With_Judge_Jeanine-002004.jpg,Yes,Parler,No,N/A,*partial
FOXNEWSW_20210110_050000_Justice_With_Judge_Jeanine-002005.jpg,Yes,Parler,No,N/A,
FOXNEWSW_20210110_050000_Justice_With_Judge_Jeanine-002006.jpg,Yes,Parler,No,N/A,
FOXNEWSW_20210110_050000_Justice_With_Judge_Jeanine-002007.jpg,Yes,Parler,No,N/A,
FOXNEWSW_20210110_050000_Justice_With_Judge_Jeanine-002008.jpg,Yes,Parler,No,N/A,
FOXNEWSW_20210110_050000_Justice_With_Judge_Jeanine-002009.jpg,Yes,Parler,No,N/A,
FOXNEWSW_20210110_050000_Justice_With_Judge_Jeanine-002010.jpg,Yes,Parler,No,N/A,
FOXNEWSW_20210110_050000_Justice_With_Judge_Jeanine-002011.jpg,Yes,Parler,No,N/A,*partial
FOXNEWSW_20210110_050000_Justice_With_Judge_Jeanine-002012.jpg,Yes,Parler,No,N/A,
FOXNEWSW_20210110_050000_Justice_With_Judge_Jeanine-002013.jpg,Yes,Parler,No,N/A,
FOXNEWSW_20210110_050000_Justice_With_Judge_Jeanine-002014.jpg,Yes,Parler,No,N/A,
FOXNEWSW_20210110_050000_Justice_With_Judge_Jeanine-002015.jpg,Yes,Parler,No,N/A,
FOXNEWSW_20210110_050000_Justice_With_Judge_Jeanine-002016.jpg,Yes,Parler,No,N/A,
FOXNEWSW_20210110_050000_Justice_With_Judge_Jeanine-002017.jpg,Yes,Parler,No,N/A,
FOXNEWSW_20210110_050000_Justice_With_Judge_Jeanine-003114.jpg,Yes,Parler,No,N/A,
FOXNEWSW_20210110_050000_Justice_With_Judge_Jeanine-003115.jpg,Yes,Parler,No,N/A,
FOXNEWSW_20210110_050000_Justice_With_Judge_Jeanine-003116.jpg,Yes,Parler,No,N/A,
FOXNEWSW_20210110_050000_Justice_With_Judge_Jeanine-003117.jpg,Yes,Parler,No,N/A,
FOXNEWSW_20210110_050000_Justice_With_Judge_Jeanine-003118.jpg,Yes,Parler,No,N/A,
FOXNEWSW_20210110_050000_Justice_With_Judge_Jeanine-003119.jpg,Yes,Parler,No,N/A,
FOXNEWSW_20210110_050000_Justice_With_Judge_Jeanine-003120.jpg,Yes,Parler,No,N/A,
FOXNEWSW_20210110_050000_Justice_With_Judge_Jeanine-003121.jpg,Yes,Parler,No,N/A,
FOXNEWSW_20210110_050000_Justice_With_Judge_Jeanine-003122.jpg,Yes,Parler,No,N/A,
FOXNEWSW_20210110_050000_Justice_With_Judge_Jeanine-003123.jpg,Yes,Parler,No,N/A,
FOXNEWSW_20210110_050000_Justice_With_Judge_Jeanine-003124.jpg,Yes,Parler,No,N/A,
FOXNEWSW_20210110_050000_Justice_With_Judge_Jeanine-003125.jpg,Yes,Parler,No,N/A,
FOXNEWSW_20210110_050000_Justice_With_Judge_Jeanine-003126.jpg,Yes,Parler,No,N/A,
FOXNEWSW_20210110_050000_Justice_With_Judge_Jeanine-003127.jpg,Yes,Parler,No,N/A,
FOXNEWSW_20210110_050000_Justice_With_Judge_Jeanine-003128.jpg,Yes,Parler,No,N/A,
FOXNEWSW_20210110_050000_Justice_With_Judge_Jeanine-003129.jpg,Yes,Parler,No,N/A,
FOXNEWSW_20210110_050000_Justice_With_Judge_Jeanine-003130.jpg,Yes,Parler,No,N/A,
FOXNEWSW_20210110_050000_Justice_With_Judge_Jeanine-003131.jpg,Yes,Parler,No,N/A,
FOXNEWSW_20210110_050000_Justice_With_Judge_Jeanine-003132.jpg,Yes,Parler,No,N/A,
FOXNEWSW_20210110_050000_Justice_With_Judge_Jeanine-003133.jpg,Yes,Parler,No,N/A,
FOXNEWSW_20210110_050000_Justice_With_Judge_Jeanine-003134.jpg,Yes,Parler,No,N/A,
FOXNEWSW_20210110_050000_Justice_With_Judge_Jeanine-003135.jpg,Yes,Parler,No,N/A,
FOXNEWSW_20210110_050000_Justice_With_Judge_Jeanine-003136.jpg,Yes,Parler,No,N/A,
FOXNEWSW_20210110_050000_Justice_With_Judge_Jeanine-003137.jpg,Yes,Parler,No,N/A,
FOXNEWSW_20210110_050000_Justice_With_Judge_Jeanine-003138.jpg,Yes,Parler,No,N/A,
FOXNEWSW_20210110_050000_Justice_With_Judge_Jeanine-003139.jpg,Yes,Parler,No,N/A,
FOXNEWSW_20210110_050000_Justice_With_Judge_Jeanine-003140.jpg,Yes,Parler,No,N/A,
FOXNEWSW_20210110_050000_Justice_With_Judge_Jeanine-003141.jpg,Yes,Parler,No,N/A,
FOXNEWSW_20210110_050000_Justice_With_Judge_Jeanine-003142.jpg,Yes,Parler,No,N/A,
FOXNEWSW_20210110_050000_Justice_With_Judge_Jeanine-003143.jpg,Yes,Parler,No,N/A,
FOXNEWSW_20210110_050000_Justice_With_Judge_Jeanine-003144.jpg,Yes,Parler,No,N/A,
FOXNEWSW_20210110_050000_Justice_With_Judge_Jeanine-003145.jpg,Yes,Parler,No,N/A,
FOXNEWSW_20210110_050000_Justice_With_Judge_Jeanine-003146.jpg,Yes,Parler,No,N/A,
FOXNEWSW_20210110_050000_Justice_With_Judge_Jeanine-003147.jpg,Yes,Parler,No,N/A,
FOXNEWSW_20210110_050000_Justice_With_Judge_Jeanine-003148.jpg,Yes,Parler,No,N/A,
FOXNEWSW_20210110_050000_Justice_With_Judge_Jeanine-003149.jpg,Yes,Parler,No,N/A,
FOXNEWSW_20210110_050000_Justice_With_Judge_Jeanine-003150.jpg,Yes,Parler,No,N/A,
FOXNEWSW_20210110_060000_The_Greg_Gutfeld_Show-000724.jpg,Yes,Facebook,No,N/A,*partial
FOXNEWSW_20210110_060000_The_Greg_Gutfeld_Show-000725.jpg,Yes,Facebook,No,N/A,
FOXNEWSW_20210110_060000_The_Greg_Gutfeld_Show-000726.jpg,Yes,Facebook,No,N/A,
FOXNEWSW_20210110_060000_The_Greg_Gutfeld_Show-000727.jpg,Yes,Facebook,No,N/A,
FOXNEWSW_20210110_060000_The_Greg_Gutfeld_Show-000728.jpg,Yes,Facebook,No,N/A,
FOXNEWSW_20210110_060000_The_Greg_Gutfeld_Show-000729.jpg,Yes,Facebook,No,N/A,
FOXNEWSW_20210110_060000_The_Greg_Gutfeld_Show-000730.jpg,Yes,Facebook,No,N/A,
FOXNEWSW_20210110_060000_The_Greg_Gutfeld_Show-000731.jpg,Yes,Facebook,No,N/A,
FOXNEWSW_20210110_060000_The_Greg_Gutfeld_Show-000732.jpg,Yes,Twitter,No,N/A,*partial
FOXNEWSW_20210110_060000_The_Greg_Gutfeld_Show-000733.jpg,Yes,Twitter,No,N/A,
FOXNEWSW_20210110_060000_The_Greg_Gutfeld_Show-000734.jpg,Yes,Twitter,No,N/A,
FOXNEWSW_20210110_060000_The_Greg_Gutfeld_Show-000735.jpg,Yes,Twitter,No,N/A,
FOXNEWSW_20210110_060000_The_Greg_Gutfeld_Show-000736.jpg,Yes,Twitter,No,N/A,
FOXNEWSW_20210110_060000_The_Greg_Gutfeld_Show-000737.jpg,Yes,Twitter,No,N/A,
FOXNEWSW_20210110_060000_The_Greg_Gutfeld_Show-000738.jpg,Yes,Twitter,No,N/A,
FOXNEWSW_20210110_060000_The_Greg_Gutfeld_Show-000739.jpg,Yes,Twitter,No,N/A,
FOXNEWSW_20210110_060000_The_Greg_Gutfeld_Show-000740.jpg,Yes,Twitter,No,N/A,
FOXNEWSW_20210110_060000_The_Greg_Gutfeld_Show-000741.jpg,Yes,Instagram,No,N/A,*partial
FOXNEWSW_20210110_060000_The_Greg_Gutfeld_Show-000742.jpg,Yes,Instagram,No,N/A,
FOXNEWSW_20210110_060000_The_Greg_Gutfeld_Show-000743.jpg,Yes,Instagram,No,N/A,
FOXNEWSW_20210110_060000_The_Greg_Gutfeld_Show-000744.jpg,Yes,Instagram,No,N/A,
FOXNEWSW_20210110_060000_The_Greg_Gutfeld_Show-000745.jpg,Yes,Instagram,No,N/A,
FOXNEWSW_20210110_060000_The_Greg_Gutfeld_Show-000746.jpg,Yes,Instagram,No,N/A,
FOXNEWSW_20210110_060000_The_Greg_Gutfeld_Show-000747.jpg,Yes,Instagram,No,N/A,
FOXNEWSW_20210110_060000_The_Greg_Gutfeld_Show-000748.jpg,Yes,Instagram,No,N/A,
FOXNEWSW_20210110_060000_The_Greg_Gutfeld_Show-000749.jpg,Yes,Instagram,No,N/A,
FOXNEWSW_20210110_060000_The_Greg_Gutfeld_Show-001260.jpg,Yes,Instagram,No,N/A,
FOXNEWSW_20210110_060000_The_Greg_Gutfeld_Show-001261.jpg,Yes,Instagram,No,N/A,
FOXNEWSW_20210110_060000_The_Greg_Gutfeld_Show-001262.jpg,Yes,Instagram,No,N/A,
FOXNEWSW_20210110_060000_The_Greg_Gutfeld_Show-001263.jpg,Yes,Instagram,No,N/A,
FOXNEWSW_20210110_060000_The_Greg_Gutfeld_Show-001264.jpg,Yes,Instagram,No,N/A,
FOXNEWSW_20210110_060000_The_Greg_Gutfeld_Show-001265.jpg,Yes,Instagram,No,N/A,
FOXNEWSW_20210110_060000_The_Greg_Gutfeld_Show-001266.jpg,Yes,Instagram,No,N/A,
FOXNEWSW_20210110_060000_The_Greg_Gutfeld_Show-002674.jpg,Yes,Facebook,No,N/A,*partial
FOXNEWSW_20210110_060000_The_Greg_Gutfeld_Show-002675.jpg,Yes,Facebook,No,N/A,
FOXNEWSW_20210110_060000_The_Greg_Gutfeld_Show-002676.jpg,Yes,Facebook,No,N/A,
FOXNEWSW_20210110_060000_The_Greg_Gutfeld_Show-002677.jpg,Yes,Facebook,No,N/A,
FOXNEWSW_20210110_060000_The_Greg_Gutfeld_Show-002678.jpg,Yes,Facebook,No,N/A,
FOXNEWSW_20210110_060000_The_Greg_Gutfeld_Show-002679.jpg,Yes,Facebook,No,N/A,
FOXNEWSW_20210110_060000_The_Greg_Gutfeld_Show-002680.jpg,Yes,Facebook,No,N/A,
FOXNEWSW_20210110_060000_The_Greg_Gutfeld_Show-002681.jpg,Yes,Facebook,No,N/A,
FOXNEWSW_20210110_060000_The_Greg_Gutfeld_Show-002707.jpg,Yes,Twitter,No,N/A,
FOXNEWSW_20210110_060000_The_Greg_Gutfeld_Show-002708.jpg,Yes,Twitter,No,N/A,
FOXNEWSW_20210110_060000_The_Greg_Gutfeld_Show-002709.jpg,Yes,Twitter,No,N/A,
FOXNEWSW_20210110_060000_The_Greg_Gutfeld_Show-002710.jpg,Yes,Twitter,No,N/A,
FOXNEWSW_20210110_060000_The_Greg_Gutfeld_Show-002711.jpg,Yes,Twitter,No,N/A,
FOXNEWSW_20210110_060000_The_Greg_Gutfeld_Show-002712.jpg,Yes,Twitter,No,N/A,
FOXNEWSW_20210110_060000_The_Greg_Gutfeld_Show-002713.jpg,Yes,Twitter,No,N/A,
FOXNEWSW_20210110_060000_The_Greg_Gutfeld_Show-002714.jpg,Yes,Twitter,No,N/A,
FOXNEWSW_20210110_060000_The_Greg_Gutfeld_Show-002715.jpg,Yes,Twitter,No,N/A,
FOXNEWSW_20210110_060000_The_Greg_Gutfeld_Show-002716.jpg,Yes,Twitter,No,N/A,
FOXNEWSW_20210110_060000_The_Greg_Gutfeld_Show-002717.jpg,Yes,Twitter,No,N/A,
FOXNEWSW_20210110_060000_The_Greg_Gutfeld_Show-002763.jpg,Yes,Instagram,No,N/A,
FOXNEWSW_20210110_060000_The_Greg_Gutfeld_Show-002764.jpg,Yes,Instagram,No,N/A,
FOXNEWSW_20210110_060000_The_Greg_Gutfeld_Show-002765.jpg,Yes,Instagram,No,N/A,
FOXNEWSW_20210110_060000_The_Greg_Gutfeld_Show-002766.jpg,Yes,Instagram,No,N/A,
FOXNEWSW_20210110_060000_The_Greg_Gutfeld_Show-002767.jpg,Yes,Instagram,No,N/A,
FOXNEWSW_20210110_060000_The_Greg_Gutfeld_Show-002768.jpg,Yes,Instagram,No,N/A,
FOXNEWSW_20210110_060000_The_Greg_Gutfeld_Show-002769.jpg,Yes,Instagram,No,N/A,
FOXNEWSW_20210110_060000_The_Greg_Gutfeld_Show-002770.jpg,Yes,Instagram,No,N/A,
FOXNEWSW_20210110_060000_The_Greg_Gutfeld_Show-002771.jpg,Yes,Instagram,No,N/A,
FOXNEWSW_20210110_060000_The_Greg_Gutfeld_Show-002772.jpg,Yes,Instagram,No,N/A,
FOXNEWSW_20220425_030000_Life_Liberty__Levin-000005.jpg,Yes,"Facebook, Instagram, Twitter",No,N/A,
FOXNEWSW_20220425_030000_Life_Liberty__Levin-000006.jpg,Yes,"Facebook, Instagram, Twitter",No,N/A,
FOXNEWSW_20220425_030000_Life_Liberty__Levin-000007.jpg,Yes,"Facebook, Instagram, Twitter",No,N/A,
FOXNEWSW_20220425_040000_The_Next_Revolution_With_Steve_Hilton-000450.jpg,Yes,"Twitter, Facebook",No,N/A,*partial
FOXNEWSW_20220425_040000_The_Next_Revolution_With_Steve_Hilton-000451.jpg,Yes,"Twitter, Facebook",No,N/A,
FOXNEWSW_20220425_040000_The_Next_Revolution_With_Steve_Hilton-000452.jpg,Yes,"Twitter, Facebook",No,N/A,
FOXNEWSW_20220425_040000_The_Next_Revolution_With_Steve_Hilton-000453.jpg,Yes,"Twitter, Facebook",No,N/A,
FOXNEWSW_20220425_040000_The_Next_Revolution_With_Steve_Hilton-000454.jpg,Yes,"Twitter, Facebook",No,N/A,
FOXNEWSW_20220425_040000_The_Next_Revolution_With_Steve_Hilton-000455.jpg,Yes,"Twitter, Facebook",No,N/A,
FOXNEWSW_20220425_040000_The_Next_Revolution_With_Steve_Hilton-000456.jpg,Yes,"Twitter, Facebook",No,N/A,
FOXNEWSW_20220425_040000_The_Next_Revolution_With_Steve_Hilton-000457.jpg,Yes,"Twitter, Facebook",No,N/A,
FOXNEWSW_20220425_040000_The_Next_Revolution_With_Steve_Hilton-003091.jpg,Yes,"Twitter, Facebook",No,N/A,
FOXNEWSW_20220425_040000_The_Next_Revolution_With_Steve_Hilton-003092.jpg,Yes,"Twitter, Facebook",No,N/A,
FOXNEWSW_20220425_040000_The_Next_Revolution_With_Steve_Hilton-003093.jpg,Yes,"Twitter, Facebook",No,N/A,
FOXNEWSW_20220425_040000_The_Next_Revolution_With_Steve_Hilton-003094.jpg,Yes,"Twitter, Facebook",No,N/A,
FOXNEWSW_20220425_040000_The_Next_Revolution_With_Steve_Hilton-003095.jpg,Yes,"Twitter, Facebook",No,N/A,
FOXNEWSW_20220425_040000_The_Next_Revolution_With_Steve_Hilton-003096.jpg,Yes,"Twitter, Facebook",No,N/A,
FOXNEWSW_20220425_040000_The_Next_Revolution_With_Steve_Hilton-003097.jpg,Yes,"Twitter, Facebook",No,N/A,
FOXNEWSW_20220425_040000_The_Next_Revolution_With_Steve_Hilton-003610.jpg,Yes,"Twitter, Facebook",No,N/A,
FOXNEWSW_20220425_040000_The_Next_Revolution_With_Steve_Hilton-003611.jpg,Yes,"Twitter, Facebook",No,N/A,
FOXNEWSW_20220425_040000_The_Next_Revolution_With_Steve_Hilton-003612.jpg,Yes,"Twitter, Facebook",No,N/A,
FOXNEWSW_20220425_040000_The_Next_Revolution_With_Steve_Hilton-003613.jpg,Yes,"Twitter, Facebook",No,N/A,
FOXNEWSW_20220425_040000_The_Next_Revolution_With_Steve_Hilton-003614.jpg,Yes,"Twitter, Facebook",No,N/A,
FOXNEWSW_20220425_040000_The_Next_Revolution_With_Steve_Hilton-003615.jpg,Yes,"Twitter, Facebook",No,N/A,
FOXNEWSW_20220425_040000_The_Next_Revolution_With_Steve_Hilton-003616.jpg,Yes,"Twitter, Facebook",No,N/A,
FOXNEWSW_20220425_050000_Sunday_Night_in_America_With_Trey_Gowdy-000010.jpg,Yes,"Twitter, Facebook",No,N/A,
FOXNEWSW_20220425_050000_Sunday_Night_in_America_With_Trey_Gowdy-000011.jpg,Yes,"Twitter, Facebook",No,N/A,
FOXNEWSW_20220425_050000_Sunday_Night_in_America_With_Trey_Gowdy-000012.jpg,Yes,"Twitter, Facebook",No,N/A,
FOXNEWSW_20220425_050000_Sunday_Night_in_America_With_Trey_Gowdy-000013.jpg,Yes,"Twitter, Facebook",No,N/A,
FOXNEWSW_20220425_050000_Sunday_Night_in_America_With_Trey_Gowdy-000014.jpg,Yes,"Twitter, Facebook",No,N/A,
FOXNEWSW_20220425_050000_Sunday_Night_in_America_With_Trey_Gowdy-000015.jpg,Yes,"Twitter, Facebook",No,N/A,
FOXNEWSW_20220425_050000_Sunday_Night_in_America_With_Trey_Gowdy-000016.jpg,Yes,"Twitter, Facebook",No,N/A,
FOXNEWSW_20220425_050000_Sunday_Night_in_America_With_Trey_Gowdy-003605.jpg,Yes,"Facebook, Instagram, Twitter",No,N/A,
FOXNEWSW_20220425_050000_Sunday_Night_in_America_With_Trey_Gowdy-003606.jpg,Yes,"Facebook, Instagram, Twitter",No,N/A,
FOXNEWSW_20220425_050000_Sunday_Night_in_America_With_Trey_Gowdy-003607.jpg,Yes,"Facebook, Instagram, Twitter",No,N/A,
FOXNEWSW_20230122_040000_One_Nation_With_Brian_Kilmeade-001857.jpg,Yes,TikTok,No,N/A,
FOXNEWSW_20230122_040000_One_Nation_With_Brian_Kilmeade-001862.jpg,Yes,TikTok,No,N/A,
FOXNEWSW_20230122_040000_One_Nation_With_Brian_Kilmeade-001863.jpg,Yes,TikTok,No,N/A,
FOXNEWSW_20230122_040000_One_Nation_With_Brian_Kilmeade-001864.jpg,Yes,TikTok,No,N/A,
FOXNEWSW_20230122_040000_One_Nation_With_Brian_Kilmeade-001865.jpg,Yes,TikTok,No,N/A,
FOXNEWSW_20230122_040000_One_Nation_With_Brian_Kilmeade-001866.jpg,Yes,TikTok,No,N/A,
FOXNEWSW_20230122_040000_One_Nation_With_Brian_Kilmeade-002093.jpg,Yes,TikTok,No,N/A,
FOXNEWSW_20230122_040000_One_Nation_With_Brian_Kilmeade-002094.jpg,Yes,TikTok,No,N/A,
FOXNEWSW_20230122_040000_One_Nation_With_Brian_Kilmeade-002095.jpg,Yes,TikTok,No,N/A,
FOXNEWSW_20230122_040000_One_Nation_With_Brian_Kilmeade-002096.jpg,Yes,TikTok,No,N/A,
FOXNEWSW_20230122_040000_One_Nation_With_Brian_Kilmeade-002097.jpg,Yes,TikTok,No,N/A,
FOXNEWSW_20230122_040000_One_Nation_With_Brian_Kilmeade-002098.jpg,Yes,TikTok,No,N/A,
FOXNEWSW_20230122_040000_One_Nation_With_Brian_Kilmeade-002099.jpg,Yes,TikTok,No,N/A,
FOXNEWSW_20230122_040000_One_Nation_With_Brian_Kilmeade-002100.jpg,Yes,TikTok,No,N/A,
FOXNEWSW_20230122_040000_One_Nation_With_Brian_Kilmeade-002101.jpg,Yes,TikTok,No,N/A,
FOXNEWSW_20230122_040000_One_Nation_With_Brian_Kilmeade-002102.jpg,Yes,TikTok,No,N/A,
FOXNEWSW_20230122_040000_One_Nation_With_Brian_Kilmeade-002103.jpg,Yes,TikTok,No,N/A,
FOXNEWSW_20230122_040000_One_Nation_With_Brian_Kilmeade-002104.jpg,Yes,TikTok,No,N/A,
FOXNEWSW_20230122_040000_One_Nation_With_Brian_Kilmeade-002105.jpg,Yes,TikTok,No,N/A,
FOXNEWSW_20230122_040000_One_Nation_With_Brian_Kilmeade-002106.jpg,Yes,TikTok,No,N/A,
FOXNEWSW_20230122_040000_One_Nation_With_Brian_Kilmeade-002107.jpg,Yes,TikTok,No,N/A,
FOXNEWSW_20230122_040000_One_Nation_With_Brian_Kilmeade-002108.jpg,Yes,TikTok,No,N/A,
FOXNEWSW_20230122_040000_One_Nation_With_Brian_Kilmeade-002109.jpg,Yes,TikTok,No,N/A,
FOXNEWSW_20230122_040000_One_Nation_With_Brian_Kilmeade-002110.jpg,Yes,TikTok,No,N/A,
FOXNEWSW_20230122_040000_One_Nation_With_Brian_Kilmeade-002111.jpg,Yes,TikTok,No,N/A,
FOXNEWSW_20230122_040000_One_Nation_With_Brian_Kilmeade-002112.jpg,Yes,TikTok,No,N/A,
FOXNEWSW_20230122_040000_One_Nation_With_Brian_Kilmeade-002113.jpg,Yes,TikTok,No,N/A,
FOXNEWSW_20230122_040000_One_Nation_With_Brian_Kilmeade-002114.jpg,Yes,TikTok,No,N/A,
FOXNEWSW_20230122_040000_One_Nation_With_Brian_Kilmeade-002115.jpg,Yes,TikTok,No,N/A,
FOXNEWSW_20230122_040000_One_Nation_With_Brian_Kilmeade-002116.jpg,Yes,TikTok,No,N/A,
FOXNEWSW_20230122_040000_One_Nation_With_Brian_Kilmeade-002117.jpg,Yes,TikTok,No,N/A,
FOXNEWSW_20230122_040000_One_Nation_With_Brian_Kilmeade-002118.jpg,Yes,TikTok,No,N/A,
FOXNEWSW_20230122_040000_One_Nation_With_Brian_Kilmeade-002119.jpg,Yes,TikTok,No,N/A,
FOXNEWSW_20230122_040000_One_Nation_With_Brian_Kilmeade-002120.jpg,Yes,TikTok,No,N/A,
FOXNEWSW_20230122_040000_One_Nation_With_Brian_Kilmeade-002121.jpg,Yes,TikTok,No,N/A,
FOXNEWSW_20230122_040000_One_Nation_With_Brian_Kilmeade-002150.jpg,Yes,TikTok,No,N/A,
FOXNEWSW_20230122_040000_One_Nation_With_Brian_Kilmeade-002151.jpg,Yes,TikTok,No,N/A,
FOXNEWSW_20230122_040000_One_Nation_With_Brian_Kilmeade-002152.jpg,Yes,TikTok,No,N/A,
FOXNEWSW_20230122_040000_One_Nation_With_Brian_Kilmeade-002153.jpg,Yes,TikTok,No,N/A,
FOXNEWSW_20230122_040000_One_Nation_With_Brian_Kilmeade-002154.jpg,Yes,TikTok,No,N/A,
FOXNEWSW_20230122_040000_One_Nation_With_Brian_Kilmeade-002155.jpg,Yes,TikTok,No,N/A,
FOXNEWSW_20230122_040000_One_Nation_With_Brian_Kilmeade-002156.jpg,Yes,TikTok,No,N/A,
FOXNEWSW_20230122_040000_One_Nation_With_Brian_Kilmeade-002157.jpg,Yes,TikTok,No,N/A,
FOXNEWSW_20230122_040000_One_Nation_With_Brian_Kilmeade-002158.jpg,Yes,TikTok,No,N/A,
FOXNEWSW_20230122_040000_One_Nation_With_Brian_Kilmeade-002159.jpg,Yes,TikTok,No,N/A,
FOXNEWSW_20230122_040000_One_Nation_With_Brian_Kilmeade-002160.jpg,Yes,TikTok,No,N/A,
FOXNEWSW_20230122_040000_One_Nation_With_Brian_Kilmeade-002161.jpg,Yes,TikTok,No,N/A,
FOXNEWSW_20230122_040000_One_Nation_With_Brian_Kilmeade-002162.jpg,Yes,TikTok,No,N/A,
FOXNEWSW_20230122_040000_One_Nation_With_Brian_Kilmeade-002163.jpg,Yes,TikTok,No,N/A,*partial
FOXNEWSW_20230122_040000_One_Nation_With_Brian_Kilmeade-002164.jpg,Yes,TikTok,No,N/A,
FOXNEWSW_20230122_040000_One_Nation_With_Brian_Kilmeade-002165.jpg,Yes,TikTok,No,N/A,
FOXNEWSW_20230122_040000_One_Nation_With_Brian_Kilmeade-002166.jpg,Yes,TikTok,No,N/A,
FOXNEWSW_20230122_040000_One_Nation_With_Brian_Kilmeade-002167.jpg,Yes,TikTok,No,N/A,
FOXNEWSW_20230122_040000_One_Nation_With_Brian_Kilmeade-002168.jpg,Yes,TikTok,No,N/A,
FOXNEWSW_20230122_040000_One_Nation_With_Brian_Kilmeade-002169.jpg,Yes,TikTok,No,N/A,
FOXNEWSW_20230122_040000_One_Nation_With_Brian_Kilmeade-002170.jpg,Yes,TikTok,No,N/A,
FOXNEWSW_20230122_040000_One_Nation_With_Brian_Kilmeade-002171.jpg,Yes,TikTok,No,N/A,
FOXNEWSW_20230122_040000_One_Nation_With_Brian_Kilmeade-002172.jpg,Yes,TikTok,No,N/A,
FOXNEWSW_20230122_040000_One_Nation_With_Brian_Kilmeade-002173.jpg,Yes,TikTok,No,N/A,
FOXNEWSW_20230122_040000_One_Nation_With_Brian_Kilmeade-002174.jpg,Yes,TikTok,No,N/A,
FOXNEWSW_20230122_040000_One_Nation_With_Brian_Kilmeade-002175.jpg,Yes,TikTok,No,N/A,
FOXNEWSW_20230122_040000_One_Nation_With_Brian_Kilmeade-002176.jpg,Yes,TikTok,No,N/A,
FOXNEWSW_20230122_040000_One_Nation_With_Brian_Kilmeade-002177.jpg,Yes,TikTok,No,N/A,
FOXNEWSW_20230122_040000_One_Nation_With_Brian_Kilmeade-002178.jpg,Yes,TikTok,No,N/A,
FOXNEWSW_20230122_040000_One_Nation_With_Brian_Kilmeade-002179.jpg,Yes,TikTok,No,N/A,
FOXNEWSW_20230122_040000_One_Nation_With_Brian_Kilmeade-002180.jpg,Yes,TikTok,No,N/A,
FOXNEWSW_20230122_040000_One_Nation_With_Brian_Kilmeade-002181.jpg,Yes,TikTok,No,N/A,
FOXNEWSW_20230122_040000_One_Nation_With_Brian_Kilmeade-002182.jpg,Yes,TikTok,No,N/A,
FOXNEWSW_20230122_040000_One_Nation_With_Brian_Kilmeade-002183.jpg,Yes,TikTok,No,N/A,
FOXNEWSW_20230122_040000_One_Nation_With_Brian_Kilmeade-002184.jpg,Yes,TikTok,No,N/A,
FOXNEWSW_20230122_040000_One_Nation_With_Brian_Kilmeade-002185.jpg,Yes,TikTok,No,N/A,
FOXNEWSW_20230122_040000_One_Nation_With_Brian_Kilmeade-002186.jpg,Yes,TikTok,No,N/A,
FOXNEWSW_20230122_040000_One_Nation_With_Brian_Kilmeade-002187.jpg,Yes,TikTok,No,N/A,*distorted
FOXNEWSW_20230122_040000_One_Nation_With_Brian_Kilmeade-002188.jpg,Yes,TikTok,No,N/A,*distorted
FOXNEWSW_20230122_040000_One_Nation_With_Brian_Kilmeade-002189.jpg,Yes,TikTok,No,N/A,
FOXNEWSW_20230122_040000_One_Nation_With_Brian_Kilmeade-002190.jpg,Yes,TikTok,No,N/A,
FOXNEWSW_20230122_040000_One_Nation_With_Brian_Kilmeade-002191.jpg,Yes,TikTok,No,N/A,
FOXNEWSW_20230122_040000_One_Nation_With_Brian_Kilmeade-002192.jpg,Yes,TikTok,No,N/A,
FOXNEWSW_20230122_040000_One_Nation_With_Brian_Kilmeade-002193.jpg,Yes,TikTok,No,N/A,
FOXNEWSW_20230122_040000_One_Nation_With_Brian_Kilmeade-002194.jpg,Yes,TikTok,No,N/A,
FOXNEWSW_20230122_040000_One_Nation_With_Brian_Kilmeade-002195.jpg,Yes,TikTok,No,N/A,
FOXNEWSW_20230122_040000_One_Nation_With_Brian_Kilmeade-002196.jpg,Yes,TikTok,No,N/A,
FOXNEWSW_20230122_040000_One_Nation_With_Brian_Kilmeade-003528.jpg,No,N/A,Yes,Twitter,
FOXNEWSW_20230122_040000_One_Nation_With_Brian_Kilmeade-003529.jpg,No,N/A,Yes,Twitter,
FOXNEWSW_20230122_040000_One_Nation_With_Brian_Kilmeade-003530.jpg,No,N/A,Yes,Twitter,
FOXNEWSW_20230122_040000_One_Nation_With_Brian_Kilmeade-003531.jpg,No,N/A,Yes,Twitter,
FOXNEWSW_20230122_040000_One_Nation_With_Brian_Kilmeade-003532.jpg,No,N/A,Yes,Twitter,
FOXNEWSW_20230122_040000_One_Nation_With_Brian_Kilmeade-003533.jpg,No,N/A,Yes,Twitter,
FOXNEWSW_20230122_040000_One_Nation_With_Brian_Kilmeade-003595.jpg,Yes,"Twitter, Facebook, Instagram",No,N/A,
FOXNEWSW_20230122_040000_One_Nation_With_Brian_Kilmeade-003596.jpg,Yes,"Twitter, Facebook, Instagram",No,N/A,
FOXNEWSW_20230122_040000_One_Nation_With_Brian_Kilmeade-003597.jpg,Yes,"Twitter, Facebook, Instagram",No,N/A,
FOXNEWSW_20230122_040000_One_Nation_With_Brian_Kilmeade-003598.jpg,Yes,"Twitter, Facebook, Instagram",No,N/A,
FOXNEWSW_20230122_040000_One_Nation_With_Brian_Kilmeade-003600.jpg,Yes,"Rumble, Instagram, Twitter, Facebook",No,N/A,
FOXNEWSW_20230122_040000_One_Nation_With_Brian_Kilmeade-003601.jpg,Yes,"Rumble, Instagram, Twitter, Facebook",No,N/A,
FOXNEWSW_20230122_040000_One_Nation_With_Brian_Kilmeade-003602.jpg,Yes,"Rumble, Instagram, Twitter, Facebook",No,N/A,
FOXNEWSW_20230122_040000_One_Nation_With_Brian_Kilmeade-003603.jpg,Yes,"Rumble, Instagram, Twitter, Facebook",No,N/A,
FOXNEWSW_20230122_040000_One_Nation_With_Brian_Kilmeade-003604.jpg,Yes,"Rumble, Instagram, Twitter, Facebook",No,N/A,
FOXNEWSW_20230122_040000_One_Nation_With_Brian_Kilmeade-003605.jpg,Yes,"Rumble, Instagram, Twitter, Facebook",No,N/A,
FOXNEWSW_20230122_040000_One_Nation_With_Brian_Kilmeade-003606.jpg,Yes,"Rumble, Instagram, Twitter, Facebook",No,N/A,
FOXNEWSW_20230122_050000_Unfiltered_With_Dan_Bongino-000001.jpg,Yes,"Rumble, Instagram, Twitter, Facebook",No,N/A,
FOXNEWSW_20230122_050000_Unfiltered_With_Dan_Bongino-000002.jpg,Yes,"Rumble, Instagram, Twitter, Facebook",No,N/A,
FOXNEWSW_20230122_050000_Unfiltered_With_Dan_Bongino-000003.jpg,Yes,"Rumble, Instagram, Twitter, Facebook",No,N/A,
FOXNEWSW_20230122_050000_Unfiltered_With_Dan_Bongino-000004.jpg,Yes,"Rumble, Instagram, Twitter, Facebook",No,N/A,
FOXNEWSW_20230122_050000_Unfiltered_With_Dan_Bongino-000005.jpg,Yes,"Rumble, Instagram, Twitter, Facebook",No,N/A,
FOXNEWSW_20230122_050000_Unfiltered_With_Dan_Bongino-000006.jpg,Yes,"Rumble, Instagram, Twitter, Facebook",No,N/A,
FOXNEWSW_20230122_050000_Unfiltered_With_Dan_Bongino-003607.jpg,Yes,"Twitter, Facebook, Instagram",No,N/A,
FOXNEWSW_20230122_050000_Unfiltered_With_Dan_Bongino-003608.jpg,Yes,"Twitter, Facebook, Instagram",No,N/A,
FOXNEWSW_20230122_050000_Unfiltered_With_Dan_Bongino-003609.jpg,Yes,"Twitter, Facebook, Instagram",No,N/A,
FOXNEWSW_20230122_050000_Unfiltered_With_Dan_Bongino-003610.jpg,Yes,"Twitter, Facebook, Instagram",No,N/A,
FOXNEWSW_20230122_060000_Lawrence_Jones_Cross_Country-000007.jpg,Yes,"Twitter, Facebook, Instagram",No,N/A,
FOXNEWSW_20230122_060000_Lawrence_Jones_Cross_Country-000008.jpg,Yes,"Twitter, Facebook, Instagram",No,N/A,
FOXNEWSW_20230122_060000_Lawrence_Jones_Cross_Country-000009.jpg,Yes,"Twitter, Facebook, Instagram",No,N/A,
FOXNEWSW_20230122_060000_Lawrence_Jones_Cross_Country-000010.jpg,Yes,"Twitter, Facebook, Instagram",No,N/A,
FOXNEWSW_20230122_060000_Lawrence_Jones_Cross_Country-002586.jpg,Yes,TikTok,No,N/A,*partial
FOXNEWSW_20230122_060000_Lawrence_Jones_Cross_Country-002587.jpg,Yes,TikTok,No,N/A,
FOXNEWSW_20230122_060000_Lawrence_Jones_Cross_Country-002588.jpg,Yes,TikTok,No,N/A,
FOXNEWSW_20230122_060000_Lawrence_Jones_Cross_Country-002589.jpg,Yes,TikTok,No,N/A,
FOXNEWSW_20230122_060000_Lawrence_Jones_Cross_Country-002590.jpg,Yes,TikTok,No,N/A,
FOXNEWSW_20230122_060000_Lawrence_Jones_Cross_Country-002591.jpg,Yes,TikTok,No,N/A,
FOXNEWSW_20230122_060000_Lawrence_Jones_Cross_Country-002592.jpg,Yes,TikTok,No,N/A,
FOXNEWSW_20230122_060000_Lawrence_Jones_Cross_Country-002593.jpg,Yes,TikTok,No,N/A,
FOXNEWSW_20230122_060000_Lawrence_Jones_Cross_Country-002594.jpg,Yes,TikTok,No,N/A,
FOXNEWSW_20230122_060000_Lawrence_Jones_Cross_Country-002595.jpg,Yes,TikTok,No,N/A,
FOXNEWSW_20230122_060000_Lawrence_Jones_Cross_Country-002596.jpg,Yes,TikTok,No,N/A,
FOXNEWSW_20230122_060000_Lawrence_Jones_Cross_Country-002597.jpg,Yes,TikTok,No,N/A,
FOXNEWSW_20230122_060000_Lawrence_Jones_Cross_Country-002598.jpg,Yes,TikTok,No,N/A,
FOXNEWSW_20230122_060000_Lawrence_Jones_Cross_Country-002599.jpg,Yes,TikTok,No,N/A,
FOXNEWSW_20230122_060000_Lawrence_Jones_Cross_Country-002600.jpg,Yes,TikTok,No,N/A,
FOXNEWSW_20230122_060000_Lawrence_Jones_Cross_Country-002601.jpg,Yes,TikTok,No,N/A,
FOXNEWSW_20230122_060000_Lawrence_Jones_Cross_Country-002602.jpg,Yes,TikTok,No,N/A,
FOXNEWSW_20230122_060000_Lawrence_Jones_Cross_Country-002603.jpg,Yes,TikTok,No,N/A,
FOXNEWSW_20230122_060000_Lawrence_Jones_Cross_Country-002604.jpg,Yes,TikTok,No,N/A,
FOXNEWSW_20230122_060000_Lawrence_Jones_Cross_Country-002605.jpg,Yes,TikTok,No,N/A,
FOXNEWSW_20230122_060000_Lawrence_Jones_Cross_Country-002606.jpg,Yes,TikTok,No,N/A,
FOXNEWSW_20230122_060000_Lawrence_Jones_Cross_Country-002607.jpg,Yes,TikTok,No,N/A,
FOXNEWSW_20230122_060000_Lawrence_Jones_Cross_Country-002608.jpg,Yes,TikTok,No,N/A,
FOXNEWSW_20230122_060000_Lawrence_Jones_Cross_Country-002609.jpg,Yes,TikTok,No,N/A,*partial
FOXNEWSW_20230122_060000_Lawrence_Jones_Cross_Country-002660.jpg,Yes,TikTok,No,N/A,*partial
FOXNEWSW_20230122_060000_Lawrence_Jones_Cross_Country-002661.jpg,Yes,TikTok,No,N/A,
FOXNEWSW_20230122_060000_Lawrence_Jones_Cross_Country-002666.jpg,Yes,"Instagram, Facebook, Twitter, TikTok, LinkedIn",No,N/A,
FOXNEWSW_20230122_060000_Lawrence_Jones_Cross_Country-002667.jpg,Yes,"Instagram, Facebook, Twitter, LinkedIn",No,N/A,
FOXNEWSW_20230122_060000_Lawrence_Jones_Cross_Country-002668.jpg,Yes,TikTok,No,N/A,*partial
FOXNEWSW_20230122_060000_Lawrence_Jones_Cross_Country-003593.jpg,Yes,"Instagram, Twitter",No,N/A,
FOXNEWSW_20230122_060000_Lawrence_Jones_Cross_Country-003594.jpg,Yes,"Instagram, Twitter",No,N/A,
FOXNEWSW_20230122_060000_Lawrence_Jones_Cross_Country-003595.jpg,Yes,"Instagram, Twitter",No,N/A,
FOXNEWSW_20230122_060000_Lawrence_Jones_Cross_Country-003596.jpg,Yes,"Instagram, Twitter",No,N/A,
FOXNEWSW_20230122_060000_Lawrence_Jones_Cross_Country-003597.jpg,Yes,"Instagram, Twitter",No,N/A,
FOXNEWSW_20230122_060000_Lawrence_Jones_Cross_Country-003598.jpg,Yes,"Instagram, Twitter",No,N/A,
FOXNEWSW_20230122_060000_Lawrence_Jones_Cross_Country-003599.jpg,Yes,"Instagram, Twitter",No,N/A,
FOXNEWSW_20240201_040000_Fox_News_at_Night-000042.jpg,Yes,Twitter (X),No,N/A,
FOXNEWSW_20240201_040000_Fox_News_at_Night-000043.jpg,Yes,Twitter (X),No,N/A,
FOXNEWSW_20240201_040000_Fox_News_at_Night-000044.jpg,Yes,Twitter (X),No,N/A,
FOXNEWSW_20240201_040000_Fox_News_at_Night-000045.jpg,Yes,Twitter (X),No,N/A,
FOXNEWSW_20240201_040000_Fox_News_at_Night-000046.jpg,Yes,Twitter (X),No,N/A,
FOXNEWSW_20240201_040000_Fox_News_at_Night-000047.jpg,Yes,Twitter (X),No,N/A,
FOXNEWSW_20240201_040000_Fox_News_at_Night-000048.jpg,Yes,Twitter (X),No,N/A,
FOXNEWSW_20240201_040000_Fox_News_at_Night-000049.jpg,Yes,Twitter (X),No,N/A,
FOXNEWSW_20240201_040000_Fox_News_at_Night-000571.jpg,Yes,Discord,No,N/A,
FOXNEWSW_20240201_040000_Fox_News_at_Night-000572.jpg,Yes,"Discord, Snapchat",No,N/A,
FOXNEWSW_20240201_040000_Fox_News_at_Night-000573.jpg,Yes,"Discord, Snapchat, TikTok",No,N/A,
FOXNEWSW_20240201_040000_Fox_News_at_Night-000574.jpg,Yes,"Discord, Snapchat, TikTok, Twitter (X)",No,N/A,
FOXNEWSW_20240201_040000_Fox_News_at_Night-000575.jpg,Yes,"Discord, Snapchat, TikTok, Twitter (X), Meta",No,N/A,
FOXNEWSW_20240201_040000_Fox_News_at_Night-000576.jpg,Yes,"Discord, Snapchat, TikTok, Twitter (X), Meta",No,N/A,*distorted
FOXNEWSW_20240201_040000_Fox_News_at_Night-001311.jpg,Yes,"Twitter (X), Instagram",No,N/A,
FOXNEWSW_20240201_040000_Fox_News_at_Night-001312.jpg,Yes,"Twitter (X), Instagram",No,N/A,
FOXNEWSW_20240201_040000_Fox_News_at_Night-001313.jpg,Yes,"Twitter (X), Instagram",No,N/A,
FOXNEWSW_20240201_040000_Fox_News_at_Night-001314.jpg,Yes,"Twitter (X), Instagram",No,N/A,
FOXNEWSW_20240201_040000_Fox_News_at_Night-001315.jpg,Yes,"Twitter (X), Instagram",No,N/A,
FOXNEWSW_20240201_040000_Fox_News_at_Night-001316.jpg,Yes,"Twitter (X), Instagram",No,N/A,
FOXNEWSW_20240201_040000_Fox_News_at_Night-001317.jpg,Yes,"Twitter (X), Instagram",No,N/A,
FOXNEWSW_20240201_040000_Fox_News_at_Night-001318.jpg,Yes,"Twitter (X), Instagram",No,N/A,
FOXNEWSW_20240201_040000_Fox_News_at_Night-001319.jpg,Yes,"Twitter (X), Instagram",No,N/A,
FOXNEWSW_20240201_040000_Fox_News_at_Night-001320.jpg,Yes,"Twitter (X), Instagram",No,N/A,
FOXNEWSW_20240201_040000_Fox_News_at_Night-001321.jpg,Yes,"Twitter (X), Instagram",No,N/A,
FOXNEWSW_20240201_040000_Fox_News_at_Night-001322.jpg,Yes,"Twitter (X), Instagram",No,N/A,
FOXNEWSW_20240201_040000_Fox_News_at_Night-001323.jpg,Yes,"Twitter (X), Instagram",No,N/A,
FOXNEWSW_20240201_040000_Fox_News_at_Night-001324.jpg,Yes,"Twitter (X), Instagram",No,N/A,
FOXNEWSW_20240201_040000_Fox_News_at_Night-001325.jpg,Yes,"Twitter (X), Instagram",No,N/A,
FOXNEWSW_20240201_040000_Fox_News_at_Night-001326.jpg,Yes,"Twitter (X), Instagram",No,N/A,
FOXNEWSW_20240201_040000_Fox_News_at_Night-001327.jpg,Yes,"Twitter (X), Instagram",No,N/A,
FOXNEWSW_20240201_040000_Fox_News_at_Night-001328.jpg,Yes,"Twitter (X), Instagram",No,N/A,
FOXNEWSW_20240201_040000_Fox_News_at_Night-001329.jpg,Yes,"Twitter (X), Instagram",No,N/A,
FOXNEWSW_20240201_040000_Fox_News_at_Night-001330.jpg,Yes,"Twitter (X), Instagram",No,N/A,
FOXNEWSW_20240201_040000_Fox_News_at_Night-001331.jpg,Yes,"Twitter (X), Instagram",No,N/A,
FOXNEWSW_20240201_040000_Fox_News_at_Night-001332.jpg,Yes,"Twitter (X), Instagram",No,N/A,
FOXNEWSW_20240201_040000_Fox_News_at_Night-001333.jpg,Yes,"Twitter (X), Instagram",No,N/A,
FOXNEWSW_20240201_040000_Fox_News_at_Night-001334.jpg,Yes,"Twitter (X), Instagram",No,N/A,
FOXNEWSW_20240201_040000_Fox_News_at_Night-001335.jpg,Yes,"Twitter (X), Instagram",No,N/A,
FOXNEWSW_20240201_040000_Fox_News_at_Night-001336.jpg,Yes,"Twitter (X), Instagram",No,N/A,
FOXNEWSW_20240201_040000_Fox_News_at_Night-001337.jpg,Yes,"Twitter (X), Instagram",No,N/A,
FOXNEWSW_20240201_040000_Fox_News_at_Night-002752.jpg,Yes,"Facebook, Instagram, Snapchat, Twitter (X), Pinterest, Youtube",No,N/A,
FOXNEWSW_20240201_040000_Fox_News_at_Night-002753.jpg,Yes,"Instagram, Pinterest, Twitter (X), YouTube",No,N/A,
FOXNEWSW_20240201_040000_Fox_News_at_Night-002754.jpg,Yes,Pinterest,No,N/A,
FOXNEWSW_20240201_040000_Fox_News_at_Night-002791.jpg,Yes,Pinterest,No,N/A,
FOXNEWSW_20240201_040000_Fox_News_at_Night-002815.jpg,Yes,"Twitter (X), Instagram",No,N/A,
FOXNEWSW_20240201_040000_Fox_News_at_Night-002816.jpg,Yes,"Twitter (X), Instagram",No,N/A,
FOXNEWSW_20240201_040000_Fox_News_at_Night-002817.jpg,Yes,"Twitter (X), Instagram",No,N/A,
FOXNEWSW_20240201_040000_Fox_News_at_Night-002818.jpg,Yes,"Twitter (X), Instagram",No,N/A,
FOXNEWSW_20240201_040000_Fox_News_at_Night-002819.jpg,Yes,"Twitter (X), Instagram",No,N/A,
FOXNEWSW_20240201_040000_Fox_News_at_Night-002820.jpg,Yes,"Twitter (X), Instagram",No,N/A,
FOXNEWSW_20240201_040000_Fox_News_at_Night-002821.jpg,Yes,"Twitter (X), Instagram",No,N/A,
FOXNEWSW_20240201_040000_Fox_News_at_Night-002822.jpg,Yes,"Twitter (X), Instagram",No,N/A,
FOXNEWSW_20240201_040000_Fox_News_at_Night-002823.jpg,Yes,"Twitter (X), Instagram",No,N/A,
FOXNEWSW_20240201_040000_Fox_News_at_Night-002824.jpg,Yes,"Twitter (X), Instagram",No,N/A,
FOXNEWSW_20240201_040000_Fox_News_at_Night-002825.jpg,Yes,"Twitter (X), Instagram",No,N/A,
FOXNEWSW_20240201_040000_Fox_News_at_Night-002826.jpg,Yes,"Twitter (X), Instagram",No,N/A,
FOXNEWSW_20240201_040000_Fox_News_at_Night-002827.jpg,Yes,"Twitter (X), Instagram",No,N/A,
FOXNEWSW_20240201_040000_Fox_News_at_Night-002828.jpg,Yes,"Twitter (X), Instagram",No,N/A,
FOXNEWSW_20240201_040000_Fox_News_at_Night-002829.jpg,Yes,"Twitter (X), Instagram",No,N/A,
FOXNEWSW_20240201_040000_Fox_News_at_Night-002830.jpg,Yes,"Twitter (X), Instagram",No,N/A,
FOXNEWSW_20240201_040000_Fox_News_at_Night-002831.jpg,Yes,"Twitter (X), Instagram",No,N/A,
FOXNEWSW_20240201_040000_Fox_News_at_Night-002832.jpg,Yes,"Twitter (X), Instagram",No,N/A,
FOXNEWSW_20240201_040000_Fox_News_at_Night-002833.jpg,Yes,"Twitter (X), Instagram",No,N/A,
FOXNEWSW_20240201_040000_Fox_News_at_Night-002834.jpg,Yes,"Twitter (X), Instagram",No,N/A,
FOXNEWSW_20240201_040000_Fox_News_at_Night-002835.jpg,Yes,"Twitter (X), Instagram",No,N/A,
FOXNEWSW_20240201_040000_Fox_News_at_Night-002836.jpg,Yes,"Twitter (X), Instagram",No,N/A,
FOXNEWSW_20240201_040000_Fox_News_at_Night-002837.jpg,Yes,"Twitter (X), Instagram",No,N/A,
FOXNEWSW_20240201_040000_Fox_News_at_Night-002838.jpg,Yes,"Twitter (X), Instagram",No,N/A,
FOXNEWSW_20240201_040000_Fox_News_at_Night-002839.jpg,Yes,"Twitter (X), Instagram",No,N/A,
FOXNEWSW_20240201_040000_Fox_News_at_Night-002840.jpg,Yes,"Twitter (X), Instagram",No,N/A,
FOXNEWSW_20240201_040000_Fox_News_at_Night-002841.jpg,Yes,"Twitter (X), Instagram",No,N/A,
FOXNEWSW_20240201_040000_Fox_News_at_Night-002842.jpg,Yes,"Twitter (X), Instagram",No,N/A,
FOXNEWSW_20240201_040000_Fox_News_at_Night-002843.jpg,Yes,"Twitter (X), Instagram",No,N/A,
FOXNEWSW_20240201_040000_Fox_News_at_Night-002844.jpg,Yes,"Twitter (X), Instagram",No,N/A,
FOXNEWSW_20240201_040000_Fox_News_at_Night-002845.jpg,Yes,"Twitter (X), Instagram",No,N/A,
FOXNEWSW_20240201_040000_Fox_News_at_Night-003151.jpg,Yes,Twitter (X),Yes ,Twitter (X),
FOXNEWSW_20240201_040000_Fox_News_at_Night-003152.jpg,Yes,Twitter (X),Yes ,Twitter (X),
FOXNEWSW_20240201_040000_Fox_News_at_Night-003153.jpg,Yes,Twitter (X),Yes ,Twitter (X),
FOXNEWSW_20240201_040000_Fox_News_at_Night-003154.jpg,Yes,Twitter (X),Yes ,Twitter (X),
FOXNEWSW_20240201_040000_Fox_News_at_Night-003155.jpg,Yes,Twitter (X),Yes ,Twitter (X),
FOXNEWSW_20240201_040000_Fox_News_at_Night-003156.jpg,Yes,Twitter (X),Yes ,Twitter (X),
FOXNEWSW_20240201_040000_Fox_News_at_Night-003157.jpg,Yes,Twitter (X),Yes ,Twitter (X),
FOXNEWSW_20240201_040000_Fox_News_at_Night-003158.jpg,Yes,Twitter (X),Yes ,Twitter (X),
FOXNEWSW_20240201_040000_Fox_News_at_Night-003159.jpg,Yes,Twitter (X),Yes ,Twitter (X),
FOXNEWSW_20240201_040000_Fox_News_at_Night-003160.jpg,Yes,Twitter (X),Yes ,Twitter (X),
FOXNEWSW_20240201_040000_Fox_News_at_Night-003161.jpg,Yes,Twitter (X),Yes ,Twitter (X),
FOXNEWSW_20240201_040000_Fox_News_at_Night-003162.jpg,Yes,Twitter (X),Yes ,Twitter (X),
FOXNEWSW_20240201_040000_Fox_News_at_Night-003163.jpg,Yes,Twitter (X),Yes ,Twitter (X),
FOXNEWSW_20240201_040000_Fox_News_at_Night-003164.jpg,Yes,Twitter (X),Yes ,Twitter (X),
FOXNEWSW_20240201_040000_Fox_News_at_Night-003302.jpg,Yes,Twitter (X),Yes ,Twitter (X),
FOXNEWSW_20240201_040000_Fox_News_at_Night-003303.jpg,Yes,Twitter (X),Yes ,Twitter (X),
FOXNEWSW_20240201_040000_Fox_News_at_Night-003304.jpg,Yes,Twitter (X),Yes ,Twitter (X),
FOXNEWSW_20240201_040000_Fox_News_at_Night-003305.jpg,Yes,Twitter (X),Yes ,Twitter (X),
FOXNEWSW_20240201_040000_Fox_News_at_Night-003306.jpg,Yes,Twitter (X),Yes ,Twitter (X),
FOXNEWSW_20240201_040000_Fox_News_at_Night-003307.jpg,Yes,Twitter (X),Yes ,Twitter (X),
FOXNEWSW_20240201_040000_Fox_News_at_Night-003308.jpg,Yes,Twitter (X),Yes ,Twitter (X),
FOXNEWSW_20240201_040000_Fox_News_at_Night-003309.jpg,Yes,Twitter (X),Yes ,Twitter (X),
FOXNEWSW_20240201_040000_Fox_News_at_Night-003310.jpg,Yes,Instagram,Yes,Instagram,
FOXNEWSW_20240201_040000_Fox_News_at_Night-003311.jpg,Yes,Instagram,Yes,Instagram,
FOXNEWSW_20240201_040000_Fox_News_at_Night-003312.jpg,Yes,Instagram,Yes,Instagram,
FOXNEWSW_20240201_040000_Fox_News_at_Night-003313.jpg,Yes,Instagram,Yes,Instagram,
FOXNEWSW_20240201_040000_Fox_News_at_Night-003314.jpg,Yes,Instagram,Yes,Instagram,
FOXNEWSW_20240201_040000_Fox_News_at_Night-003315.jpg,Yes,Instagram,Yes,Instagram,
FOXNEWSW_20240201_040000_Fox_News_at_Night-003316.jpg,Yes,Instagram,Yes,Instagram,
FOXNEWSW_20240201_040000_Fox_News_at_Night-003317.jpg,Yes,Instagram,Yes,Instagram,
FOXNEWSW_20240201_040000_Fox_News_at_Night-003318.jpg,Yes,Instagram,Yes,Instagram,
FOXNEWSW_20240201_040000_Fox_News_at_Night-003319.jpg,Yes,Instagram,Yes,Instagram,
FOXNEWSW_20240201_040000_Fox_News_at_Night-003320.jpg,Yes,Instagram,Yes,Instagram,
FOXNEWSW_20240201_040000_Fox_News_at_Night-003321.jpg,Yes,Instagram,Yes,Instagram,
FOXNEWSW_20240201_040000_Fox_News_at_Night-003322.jpg,Yes,Instagram,Yes,Instagram,
FOXNEWSW_20240201_040000_Fox_News_at_Night-003323.jpg,Yes,Instagram,Yes,Instagram,
FOXNEWSW_20240201_040000_Fox_News_at_Night-003324.jpg,Yes,Instagram,Yes,Instagram,
FOXNEWSW_20240201_040000_Fox_News_at_Night-003325.jpg,Yes,Twitter (X),Yes,Twitter (X),
FOXNEWSW_20240201_040000_Fox_News_at_Night-003326.jpg,Yes,Twitter (X),Yes,Twitter (X),
FOXNEWSW_20240201_040000_Fox_News_at_Night-003327.jpg,Yes,Twitter (X),Yes,Twitter (X),
FOXNEWSW_20240201_040000_Fox_News_at_Night-003328.jpg,Yes,Twitter (X),Yes,Twitter (X),
FOXNEWSW_20240201_040000_Fox_News_at_Night-003329.jpg,Yes,Twitter (X),Yes,Twitter (X),*partial
FOXNEWSW_20240201_050000_The_Five-000992.jpg,Yes,Truth Social,Yes,Truth Social,
FOXNEWSW_20240201_050000_The_Five-000993.jpg,Yes,Truth Social,Yes,Truth Social,
FOXNEWSW_20240201_050000_The_Five-000994.jpg,Yes,Truth Social,Yes,Truth Social,
FOXNEWSW_20240201_050000_The_Five-000995.jpg,Yes,Truth Social,Yes,Truth Social,
FOXNEWSW_20240201_050000_The_Five-000996.jpg,Yes,Truth Social,Yes,Truth Social,
FOXNEWSW_20240201_050000_The_Five-000997.jpg,Yes,Truth Social,Yes,Truth Social,
FOXNEWSW_20240201_050000_The_Five-000998.jpg,Yes,Truth Social,Yes,Truth Social,
FOXNEWSW_20240201_050000_The_Five-000999.jpg,Yes,Truth Social,Yes,Truth Social,
FOXNEWSW_20240201_050000_The_Five-001000.jpg,Yes,Truth Social,Yes,Truth Social,
FOXNEWSW_20240201_050000_The_Five-003623.jpg,No,N/A,Yes,Unknown,*
FOXNEWSW_20240201_060000_Jesse_Watters_Primetime-000547.jpg,Yes,Facebook,No,N/A,
FOXNEWSW_20240201_060000_Jesse_Watters_Primetime-000548.jpg,Yes,Facebook,No,N/A,
FOXNEWSW_20240201_060000_Jesse_Watters_Primetime-000549.jpg,Yes,Facebook,No,N/A,
FOXNEWSW_20240201_060000_Jesse_Watters_Primetime-000550.jpg,Yes,Facebook,No,N/A,
FOXNEWSW_20240201_060000_Jesse_Watters_Primetime-000551.jpg,Yes,Facebook,No,N/A,
FOXNEWSW_20240201_060000_Jesse_Watters_Primetime-000552.jpg,Yes,Facebook,No,N/A,
FOXNEWSW_20240201_060000_Jesse_Watters_Primetime-000553.jpg,Yes,Facebook,No,N/A,
FOXNEWSW_20240201_060000_Jesse_Watters_Primetime-000554.jpg,Yes,Facebook,No,N/A,
FOXNEWSW_20240201_060000_Jesse_Watters_Primetime-000555.jpg,Yes,Facebook,No,N/A,
FOXNEWSW_20240201_060000_Jesse_Watters_Primetime-000556.jpg,Yes,Facebook,No,N/A,
FOXNEWSW_20240201_060000_Jesse_Watters_Primetime-000557.jpg,Yes,Facebook,No,N/A,
FOXNEWSW_20240201_060000_Jesse_Watters_Primetime-000558.jpg,Yes,Facebook,No,N/A,
FOXNEWSW_20240201_060000_Jesse_Watters_Primetime-000559.jpg,Yes,Facebook,No,N/A,
FOXNEWSW_20240201_060000_Jesse_Watters_Primetime-000560.jpg,Yes,Facebook,No,N/A,
FOXNEWSW_20240201_060000_Jesse_Watters_Primetime-000561.jpg,Yes,Facebook,No,N/A,
FOXNEWSW_20240201_060000_Jesse_Watters_Primetime-000562.jpg,Yes,Facebook,No,N/A,
FOXNEWSW_20240201_060000_Jesse_Watters_Primetime-000563.jpg,Yes,Facebook,No,N/A,
FOXNEWSW_20240201_060000_Jesse_Watters_Primetime-000564.jpg,Yes,Facebook,No,N/A,
FOXNEWSW_20240201_060000_Jesse_Watters_Primetime-000565.jpg,Yes,Facebook,No,N/A,
FOXNEWSW_20240201_060000_Jesse_Watters_Primetime-000566.jpg,Yes,Facebook,No,N/A,
FOXNEWSW_20240201_060000_Jesse_Watters_Primetime-000567.jpg,Yes,Facebook,No,N/A,
FOXNEWSW_20240201_060000_Jesse_Watters_Primetime-000568.jpg,Yes,Facebook,No,N/A,
FOXNEWSW_20240201_060000_Jesse_Watters_Primetime-000569.jpg,Yes,Facebook,No,N/A,
FOXNEWSW_20240201_060000_Jesse_Watters_Primetime-000570.jpg,Yes,Facebook,No,N/A,
FOXNEWSW_20240201_060000_Jesse_Watters_Primetime-000571.jpg,Yes,Facebook,No,N/A,
FOXNEWSW_20240201_060000_Jesse_Watters_Primetime-000572.jpg,Yes,Facebook,No,N/A,
FOXNEWSW_20240201_060000_Jesse_Watters_Primetime-000573.jpg,Yes,Facebook,No,N/A,
FOXNEWSW_20240201_060000_Jesse_Watters_Primetime-000574.jpg,Yes,Facebook,No,N/A,
FOXNEWSW_20240201_060000_Jesse_Watters_Primetime-000575.jpg,Yes,Facebook,No,N/A,
FOXNEWSW_20240201_060000_Jesse_Watters_Primetime-000576.jpg,Yes,Facebook,No,N/A,
FOXNEWSW_20240201_060000_Jesse_Watters_Primetime-000577.jpg,Yes,Facebook,No,N/A,
FOXNEWSW_20240201_060000_Jesse_Watters_Primetime-000578.jpg,Yes,Facebook,No,N/A,
FOXNEWSW_20240201_060000_Jesse_Watters_Primetime-000579.jpg,Yes,Facebook,No,N/A,
FOXNEWSW_20240201_060000_Jesse_Watters_Primetime-000580.jpg,Yes,Facebook,No,N/A,
FOXNEWSW_20240201_060000_Jesse_Watters_Primetime-000581.jpg,Yes,Facebook,No,N/A,
FOXNEWSW_20240201_060000_Jesse_Watters_Primetime-000582.jpg,Yes,Facebook,No,N/A,
FOXNEWSW_20240201_060000_Jesse_Watters_Primetime-000583.jpg,Yes,Facebook,No,N/A,
FOXNEWSW_20240201_060000_Jesse_Watters_Primetime-000584.jpg,Yes,Facebook,No,N/A,
FOXNEWSW_20240201_060000_Jesse_Watters_Primetime-000585.jpg,Yes,Facebook,No,N/A,
FOXNEWSW_20240201_060000_Jesse_Watters_Primetime-000586.jpg,Yes,Facebook,No,N/A,
FOXNEWSW_20240201_060000_Jesse_Watters_Primetime-001912.jpg,Yes,Twitter (X),Yes,Twitter (X),
FOXNEWSW_20240201_060000_Jesse_Watters_Primetime-001913.jpg,Yes,Twitter (X),Yes,Twitter (X),
FOXNEWSW_20240201_060000_Jesse_Watters_Primetime-001914.jpg,Yes,Twitter (X),Yes,Twitter (X),
FOXNEWSW_20240201_060000_Jesse_Watters_Primetime-001915.jpg,Yes,Twitter (X),Yes,Twitter (X),
FOXNEWSW_20240201_060000_Jesse_Watters_Primetime-001916.jpg,Yes,Twitter (X),Yes,Twitter (X),
FOXNEWSW_20240201_060000_Jesse_Watters_Primetime-001917.jpg,Yes,Twitter (X),Yes,Twitter (X),
FOXNEWSW_20240201_060000_Jesse_Watters_Primetime-001918.jpg,Yes,Twitter (X),Yes,Twitter (X),
FOXNEWSW_20240201_060000_Jesse_Watters_Primetime-001919.jpg,Yes,Twitter (X),Yes,Twitter (X),
FOXNEWSW_20240201_060000_Jesse_Watters_Primetime-001920.jpg,Yes,Twitter (X),Yes,Twitter (X),
FOXNEWSW_20240201_060000_Jesse_Watters_Primetime-001921.jpg,Yes,Twitter (X),Yes,Twitter (X),
FOXNEWSW_20240201_060000_Jesse_Watters_Primetime-001922.jpg,Yes,Twitter (X),Yes,Twitter (X),
FOXNEWSW_20240201_060000_Jesse_Watters_Primetime-001923.jpg,Yes,Twitter (X),Yes,Twitter (X),
FOXNEWSW_20240201_060000_Jesse_Watters_Primetime-001924.jpg,Yes,Twitter (X),Yes,Twitter (X),
FOXNEWSW_20240201_060000_Jesse_Watters_Primetime-001925.jpg,Yes,Twitter (X),Yes,Twitter (X),
FOXNEWSW_20240201_060000_Jesse_Watters_Primetime-001926.jpg,Yes,Twitter (X),Yes,Twitter (X),
FOXNEWSW_20240201_060000_Jesse_Watters_Primetime-001927.jpg,Yes,Twitter (X),Yes,Twitter (X),
FOXNEWSW_20240201_060000_Jesse_Watters_Primetime-001928.jpg,Yes,Twitter (X),Yes,Twitter (X),
FOXNEWSW_20240201_060000_Jesse_Watters_Primetime-003009.jpg,Yes,"Twitter (X), Instagram, Facebook",No,N/A,
FOXNEWSW_20240201_060000_Jesse_Watters_Primetime-003010.jpg,Yes,"Twitter (X), Instagram, Facebook",No,N/A,
FOXNEWSW_20240201_060000_Jesse_Watters_Primetime-003011.jpg,Yes,"Twitter (X), Instagram, Facebook",No,N/A,
FOXNEWSW_20240201_060000_Jesse_Watters_Primetime-003012.jpg,Yes,"Twitter (X), Instagram, Facebook",No,N/A,
FOXNEWSW_20240201_060000_Jesse_Watters_Primetime-003013.jpg,Yes,"Twitter (X), Instagram, Facebook",No,N/A,
FOXNEWSW_20240201_060000_Jesse_Watters_Primetime-003014.jpg,Yes,"Twitter (X), Instagram, Facebook",No,N/A,
FOXNEWSW_20240201_060000_Jesse_Watters_Primetime-003015.jpg,Yes,"Twitter (X), Instagram, Facebook",No,N/A,
