episode,type,start_time,end_time,duration
CNNW_20200314_030000_CNN_Tonight_With_Don_Lemon,news,"00:01:06,015","00:17:51,120",1005.105
CNNW_20200314_030000_CNN_Tonight_With_Don_Lemon,ad,"00:18:33,862","00:21:55,163",201.301
CNNW_20200314_030000_CNN_Tonight_With_Don_Lemon,news,"00:21:55,263","00:27:05,774",310.511
CNNW_20200314_030000_CNN_Tonight_With_Don_Lemon,ad,"00:27:12,581","00:29:31,453",138.872
CNNW_20200314_030000_CNN_Tonight_With_Don_Lemon,news,"00:31:26,784","00:39:13,951",467.167
CNNW_20200314_030000_CNN_Tonight_With_Don_Lemon,ad,"00:39:30,201","00:43:10,421",220.22
CNNW_20200314_030000_CNN_Tonight_With_Don_Lemon,news,"00:43:54,064","00:45:51,949",117.885
CNNW_20200314_030000_CNN_Tonight_With_Don_Lemon,ad,"00:45:54,419","00:49:47,617",233.198
CNNW_20200314_030000_CNN_Tonight_With_Don_Lemon,news,"00:50:40,237","00:55:57,387",317.15
CNNW_20200314_030000_CNN_Tonight_With_Don_Lemon,ad,"00:56:09,332","01:00:00,013",230.681
CNNW_20200314_030000_CNN_Tonight_With_Don_Lemon,news,"01:00:05,418","01:00:59,588",54.17
CNNW_20200314_040000_Anderson_Cooper_360,news,"00:00:06,489","00:15:26,283",919.794
CNNW_20200314_040000_Anderson_Cooper_360,ad,"00:15:38,929","00:19:37,901",238.972
CNNW_20200314_040000_Anderson_Cooper_360,news,"00:19:43,106","00:30:31,621",648.515
CNNW_20200314_040000_Anderson_Cooper_360,ad,"00:30:32,555","00:34:07,103",214.548
CNNW_20200314_040000_Anderson_Cooper_360,news,"00:34:58,955","00:41:52,601",413.646
CNNW_20200314_040000_Anderson_Cooper_360,ad,"00:42:04,947","00:44:19,515",134.568
CNNW_20200314_040000_Anderson_Cooper_360,news,"00:46:00,883","00:51:45,327",344.444
CNNW_20200314_040000_Anderson_Cooper_360,ad,"00:51:57,874","00:54:11,506",133.632
CNNW_20200314_040000_Anderson_Cooper_360,news,"00:55:53,842","00:56:35,717",41.875
CNNW_20200314_040000_Anderson_Cooper_360,ad,"00:57:37,278","01:00:06,027",148.749
CNNW_20200314_040000_Anderson_Cooper_360,news,"01:00:12,367","01:01:00,564",48.197
CNNW_20200314_050000_Cuomo_Prime_Time,news,"00:00:11,327","00:12:49,894",758.567
CNNW_20200314_050000_Cuomo_Prime_Time,ad,"00:13:00,404","00:15:58,882",178.478
CNNW_20200314_050000_Cuomo_Prime_Time,news,"00:16:36,553","00:24:41,104",484.551
CNNW_20200314_050000_Cuomo_Prime_Time,ad,"00:24:43,039","00:27:55,932",192.893
CNNW_20200314_050000_Cuomo_Prime_Time,news,"00:28:55,108","00:34:58,538",363.43
CNNW_20200314_050000_Cuomo_Prime_Time,ad,"00:35:13,219","00:36:42,808",89.589
CNNW_20200314_050000_Cuomo_Prime_Time,news,"00:39:10,047","00:44:21,959",311.912
CNNW_20200314_050000_Cuomo_Prime_Time,ad,"00:44:51,989","00:48:20,130",208.141
CNNW_20200314_050000_Cuomo_Prime_Time,news,"00:48:27,537","00:55:30,160",422.623
CNNW_20200314_050000_Cuomo_Prime_Time,ad,"00:56:10,233","00:57:24,841",74.608
CNNW_20200314_050000_Cuomo_Prime_Time,news,"00:59:52,038","01:00:59,988",67.95
CNNW_20210110_050000_CNN_Newsroom_Live,news,"00:02:07,026","00:18:35,380",988.354
CNNW_20210110_050000_CNN_Newsroom_Live,ad,"00:19:03,142","00:20:32,798",89.656
CNNW_20210110_050000_CNN_Newsroom_Live,news,"00:22:10,729","00:27:45,163",334.434
CNNW_20210110_050000_CNN_Newsroom_Live,ad,"00:27:56,841","00:29:29,968",93.127
CNNW_20210110_050000_CNN_Newsroom_Live,news,"00:31:25,149","00:43:57,234",752.085
CNNW_20210110_050000_CNN_Newsroom_Live,ad,"00:44:00,538","00:45:24,988",84.45
CNNW_20210110_050000_CNN_Newsroom_Live,news,"00:47:38,789","00:50:59,356",200.567
CNNW_20210110_050000_CNN_Newsroom_Live,ad,"00:51:27,250","00:51:56,213",28.963
CNNW_20210110_050000_CNN_Newsroom_Live,news,"00:54:49,452","00:57:57,440",187.988
CNNW_20210110_060000_CNN_Newsroom_Live,news,"00:01:44,971","00:13:37,917",712.946
CNNW_20210110_060000_CNN_Newsroom_Live,ad,"00:14:03,341","00:17:02,388",179.047
CNNW_20210110_060000_CNN_Newsroom_Live,news,"00:17:11,397","00:28:27,305",675.908
CNNW_20210110_060000_CNN_Newsroom_Live,ad,"00:28:28,941","00:30:24,355",115.414
CNNW_20210110_060000_CNN_Newsroom_Live,news,"00:32:09,060","00:35:20,718",191.658
CNNW_20210110_060000_CNN_Newsroom_Live,ad,"00:35:21,953","00:38:50,111",208.158
CNNW_20210110_060000_CNN_Newsroom_Live,news,"00:39:02,790","00:48:59,919",597.129
CNNW_20210110_060000_CNN_Newsroom_Live,ad,"00:51:12,953","00:52:11,711",58.758
CNNW_20210110_060000_CNN_Newsroom_Live,news,"00:52:35,535","00:56:29,903",234.368
CNNW_20210110_060000_CNN_Newsroom_Live,ad,"00:56:31,705","00:57:28,661",56.956
CNNW_20210110_060000_CNN_Newsroom_Live,news,"01:00:32,812","01:01:00,940",28.128
CNNW_20220425_050000_CNN_Newsroom_Live,news,"00:00:31,347","00:16:28,170",956.823
CNNW_20220425_050000_CNN_Newsroom_Live,ad,"00:19:13,569","00:19:43,031",29.462
CNNW_20220425_050000_CNN_Newsroom_Live,news,"00:20:23,972","00:27:00,568",396.596
CNNW_20220425_050000_CNN_Newsroom_Live,ad,"00:29:09,030","00:30:06,221",57.191
CNNW_20220425_050000_CNN_Newsroom_Live,news,"00:30:32,814","00:41:18,926",646.112
CNNW_20220425_050000_CNN_Newsroom_Live,ad,"00:41:19,627","00:41:33,974",14.347
CNNW_20220425_050000_CNN_Newsroom_Live,news,"00:44:29,116","00:56:33,206",724.09
CNNW_20220425_050000_CNN_Newsroom_Live,ad,"00:56:52,926","01:00:04,350",191.424
CNNW_20220425_050000_CNN_Newsroom_Live,news,"01:00:17,196","01:01:00,923",43.727
CNNW_20240201_040000_Laura_Coates_Live,news,"00:01:04,164","00:29:03,358",1679.194
CNNW_20240201_040000_Laura_Coates_Live,ad,"00:32:15,266","00:33:13,041",57.775
CNNW_20240201_040000_Laura_Coates_Live,news,"00:33:27,438","00:41:10,401",462.963
CNNW_20240201_040000_Laura_Coates_Live,ad,"00:44:24,194","00:44:52,256",28.062
CNNW_20240201_040000_Laura_Coates_Live,news,"00:45:38,485","01:00:39,052",900.567
CNNW_20240201_040000_Laura_Coates_Live,ad,"01:00:41,455","01:01:02,241",20.786
CNNW_20240201_050000_Anderson_Cooper_360,ad,"00:00:38,856","00:01:05,381",26.525
CNNW_20240201_050000_Anderson_Cooper_360,news,"00:01:33,393","00:58:03,346",3389.953
CNNW_20240201_060000_The_Source_With_Kaitlan_Collins,news,"00:01:56,716","00:25:51,967",1435.251
CNNW_20240201_060000_The_Source_With_Kaitlan_Collins,ad,"00:28:04,416","00:29:04,676",60.26
CNNW_20240201_060000_The_Source_With_Kaitlan_Collins,news,"00:29:14,786","00:53:39,766",1464.98
CNNW_20240201_060000_The_Source_With_Kaitlan_Collins,ad,"00:56:05,378","00:57:06,289",60.911
CNNW_20240201_060000_The_Source_With_Kaitlan_Collins,news,"00:57:34,417","01:00:59,188",204.771
FOXNEWSW_20200314_030000_Fox_News_at_Night_With_Shannon_Bream,news,"00:00:02,135","00:14:03,943",841.808
FOXNEWSW_20200314_030000_Fox_News_at_Night_With_Shannon_Bream,ad,"00:14:04,076","00:17:42,111",218.035
FOXNEWSW_20200314_030000_Fox_News_at_Night_With_Shannon_Bream,news,"00:18:23,018","00:26:30,438",487.42
FOXNEWSW_20200314_030000_Fox_News_at_Night_With_Shannon_Bream,ad,"00:27:01,236","00:30:39,654",218.418
FOXNEWSW_20200314_030000_Fox_News_at_Night_With_Shannon_Bream,news,"00:30:39,854","00:35:53,668",313.814
FOXNEWSW_20200314_030000_Fox_News_at_Night_With_Shannon_Bream,ad,"00:35:54,469","00:39:52,973",238.504
FOXNEWSW_20200314_030000_Fox_News_at_Night_With_Shannon_Bream,news,"00:40:02,016","00:47:01,401",419.385
FOXNEWSW_20200314_030000_Fox_News_at_Night_With_Shannon_Bream,ad,"00:47:05,240","00:48:29,389",84.149
FOXNEWSW_20200314_030000_Fox_News_at_Night_With_Shannon_Bream,news,"00:50:50,397","00:56:16,523",326.126
FOXNEWSW_20200314_030000_Fox_News_at_Night_With_Shannon_Bream,ad,"00:59:13,967","01:00:11,991",58.024
FOXNEWSW_20200314_030000_Fox_News_at_Night_With_Shannon_Bream,news,"01:00:12,625","01:00:59,672",47.047
FOXNEWSW_20200314_040000_Tucker_Carlson_Tonight,ad,"00:00:09,143","00:00:13,179",4.036
FOXNEWSW_20200314_040000_Tucker_Carlson_Tonight,news,"00:00:13,813","00:16:17,318",963.505
FOXNEWSW_20200314_040000_Tucker_Carlson_Tonight,ad,"00:18:13,333","00:20:42,482",149.149
FOXNEWSW_20200314_040000_Tucker_Carlson_Tonight,news,"00:20:42,916","00:31:47,113",664.197
FOXNEWSW_20200314_040000_Tucker_Carlson_Tonight,ad,"00:31:47,347","00:36:23,756",276.409
FOXNEWSW_20200314_040000_Tucker_Carlson_Tonight,news,"00:36:24,090","00:53:23,708",1019.618
FOXNEWSW_20200314_040000_Tucker_Carlson_Tonight,ad,"00:54:06,785","00:57:35,193",208.408
FOXNEWSW_20200314_040000_Tucker_Carlson_Tonight,news,"00:57:56,214","01:01:01,031",184.817
FOXNEWSW_20200314_050000_Hannity,news,"00:00:02,369","00:26:27,619",1585.25
FOXNEWSW_20200314_050000_Hannity,ad,"00:26:28,154","00:29:05,727",157.573
FOXNEWSW_20200314_050000_Hannity,news,"00:29:43,581","00:36:16,207",392.626
FOXNEWSW_20200314_050000_Hannity,ad,"00:36:19,978","00:39:14,552",174.574
FOXNEWSW_20200314_050000_Hannity,news,"00:40:30,895","00:55:16,237",885.342
FOXNEWSW_20200314_050000_Hannity,ad,"00:55:59,114","00:58:58,626",179.512
FOXNEWSW_20200314_050000_Hannity,news,"00:59:21,416","01:01:00,014",98.598
FOXNEWSW_20210110_040000_Watters_World,news,"00:00:02,819","00:18:14,009",1091.19
FOXNEWSW_20210110_040000_Watters_World,ad,"00:18:17,246","00:21:53,762",216.516
FOXNEWSW_20210110_040000_Watters_World,news,"00:22:02,938","00:26:22,163",259.225
FOXNEWSW_20210110_040000_Watters_World,ad,"00:26:30,138","00:26:59,601",29.463
FOXNEWSW_20210110_040000_Watters_World,news,"00:30:22,270","00:34:56,944",274.674
FOXNEWSW_20210110_040000_Watters_World,ad,"00:35:23,805","00:36:21,662",57.857
FOXNEWSW_20210110_040000_Watters_World,news,"00:39:31,786","00:45:51,665",379.879
FOXNEWSW_20210110_040000_Watters_World,ad,"00:47:01,468","00:50:12,159",190.691
FOXNEWSW_20210110_040000_Watters_World,news,"00:50:20,100","00:54:28,014",247.914
FOXNEWSW_20210110_040000_Watters_World,ad,"00:54:40,193","00:56:39,512",119.319
FOXNEWSW_20210110_040000_Watters_World,news,"00:57:58,191","01:01:01,123",182.932
FOXNEWSW_20210110_050000_Justice_With_Judge_Jeanine,news,"00:00:02,752","00:18:53,048",1130.296
FOXNEWSW_20210110_050000_Justice_With_Judge_Jeanine,ad,"00:18:53,916","00:19:23,212",29.296
FOXNEWSW_20210110_050000_Justice_With_Judge_Jeanine,news,"00:22:42,344","00:29:05,627",383.283
FOXNEWSW_20210110_050000_Justice_With_Judge_Jeanine,ad,"00:32:06,074","00:32:35,503",29.429
FOXNEWSW_20210110_050000_Justice_With_Judge_Jeanine,news,"00:32:52,286","00:38:15,543",323.257
FOXNEWSW_20210110_050000_Justice_With_Judge_Jeanine,ad,"00:38:15,676","00:42:23,290",247.614
FOXNEWSW_20210110_050000_Justice_With_Judge_Jeanine,news,"00:42:24,892","00:49:35,839",430.947
FOXNEWSW_20210110_050000_Justice_With_Judge_Jeanine,ad,"00:49:35,973","00:50:02,366",26.393
FOXNEWSW_20210110_050000_Justice_With_Judge_Jeanine,news,"00:50:46,126","00:55:40,754",294.628
FOXNEWSW_20210110_050000_Justice_With_Judge_Jeanine,ad,"00:56:26,066","00:56:55,128",29.062
FOXNEWSW_20210110_050000_Justice_With_Judge_Jeanine,news,"00:59:49,969","01:01:00,990",71.021
FOXNEWSW_20210110_060000_The_Greg_Gutfeld_Show,news,"00:00:02,535","00:17:16,502",1033.967
FOXNEWSW_20210110_060000_The_Greg_Gutfeld_Show,ad,"00:17:18,270","00:19:18,790",120.52
FOXNEWSW_20210110_060000_The_Greg_Gutfeld_Show,news,"00:19:21,660","00:19:23,929",2.269
FOXNEWSW_20210110_060000_The_Greg_Gutfeld_Show,ad,"00:19:27,834","00:20:42,574",74.74
FOXNEWSW_20210110_060000_The_Greg_Gutfeld_Show,news,"00:21:08,650","00:27:25,427",376.777
FOXNEWSW_20210110_060000_The_Greg_Gutfeld_Show,ad,"00:29:30,552","00:31:05,847",95.295
FOXNEWSW_20210110_060000_The_Greg_Gutfeld_Show,news,"00:31:07,515","00:39:01,422",473.907
FOXNEWSW_20210110_060000_The_Greg_Gutfeld_Show,ad,"00:39:01,555","00:42:01,202",179.647
FOXNEWSW_20210110_060000_The_Greg_Gutfeld_Show,news,"00:43:15,743","00:47:56,123",280.38
FOXNEWSW_20210110_060000_The_Greg_Gutfeld_Show,ad,"00:48:11,672","00:48:26,086",14.414
FOXNEWSW_20210110_060000_The_Greg_Gutfeld_Show,news,"00:51:46,036","00:55:57,687",251.651
FOXNEWSW_20210110_060000_The_Greg_Gutfeld_Show,ad,"00:55:57,821","01:00:02,231",244.41
FOXNEWSW_20210110_060000_The_Greg_Gutfeld_Show,news,"01:00:02,498","01:01:01,073",58.575
FOXNEWSW_20220425_030000_Life_Liberty__Levin,news,"00:00:06,472","00:13:46,592",820.12
FOXNEWSW_20220425_030000_Life_Liberty__Levin,ad,"00:13:46,758","00:17:38,723",231.965
FOXNEWSW_20220425_030000_Life_Liberty__Levin,news,"00:17:39,858","00:24:00,839",380.981
FOXNEWSW_20220425_030000_Life_Liberty__Levin,ad,"00:24:00,839","00:27:48,733",227.894
FOXNEWSW_20220425_030000_Life_Liberty__Levin,news,"00:27:49,000","00:45:56,820",1087.82
FOXNEWSW_20220425_030000_Life_Liberty__Levin,ad,"00:45:56,820","00:47:26,677",89.857
FOXNEWSW_20220425_030000_Life_Liberty__Levin,news,"00:49:50,270","00:54:42,562",292.292
FOXNEWSW_20220425_030000_Life_Liberty__Levin,ad,"00:54:42,696","00:58:41,701",239.005
FOXNEWSW_20220425_030000_Life_Liberty__Levin,news,"00:58:55,815","01:01:01,657",125.842
FOXNEWSW_20220425_040000_The_Next_Revolution_With_Steve_Hilton,news,"00:00:03,403","00:19:26,231",1162.828
FOXNEWSW_20220425_040000_The_Next_Revolution_With_Steve_Hilton,ad,"00:20:26,691","00:20:55,988",29.297
FOXNEWSW_20220425_040000_The_Next_Revolution_With_Steve_Hilton,news,"00:24:20,525","00:32:40,224",499.699
FOXNEWSW_20220425_040000_The_Next_Revolution_With_Steve_Hilton,ad,"00:32:40,358","00:34:08,780",88.422
FOXNEWSW_20220425_040000_The_Next_Revolution_With_Steve_Hilton,news,"00:37:32,916","00:41:40,631",247.715
FOXNEWSW_20220425_040000_The_Next_Revolution_With_Steve_Hilton,ad,"00:41:40,631","00:46:59,149",318.518
FOXNEWSW_20220425_040000_The_Next_Revolution_With_Steve_Hilton,news,"00:47:01,084","00:51:36,092",275.008
FOXNEWSW_20220425_040000_The_Next_Revolution_With_Steve_Hilton,ad,"00:51:36,092","00:56:22,011",285.919
FOXNEWSW_20220425_040000_The_Next_Revolution_With_Steve_Hilton,news,"00:56:22,245","01:01:00,823",278.578
FOXNEWSW_20220425_050000_Sunday_Night_in_America_With_Trey_Gowdy,news,"00:00:05,005","00:10:13,012",608.007
FOXNEWSW_20220425_050000_Sunday_Night_in_America_With_Trey_Gowdy,ad,"00:10:13,012","00:14:20,543",247.531
FOXNEWSW_20220425_050000_Sunday_Night_in_America_With_Trey_Gowdy,news,"00:15:35,751","00:45:49,296",1813.545
FOXNEWSW_20220425_050000_Sunday_Night_in_America_With_Trey_Gowdy,ad,"00:45:49,296","00:50:39,986",290.69
FOXNEWSW_20220425_050000_Sunday_Night_in_America_With_Trey_Gowdy,news,"00:50:40,187","01:01:00,873",620.686
FOXNEWSW_20230122_040000_One_Nation_With_Brian_Kilmeade,news,"00:00:01,868","00:11:14,540",672.672
FOXNEWSW_20230122_040000_One_Nation_With_Brian_Kilmeade,ad,"00:11:14,807","00:12:44,563",89.756
FOXNEWSW_20230122_040000_One_Nation_With_Brian_Kilmeade,news,"00:14:32,388","00:21:26,101",413.713
FOXNEWSW_20230122_040000_One_Nation_With_Brian_Kilmeade,ad,"00:21:26,435","00:21:55,230",28.795
FOXNEWSW_20230122_040000_One_Nation_With_Brian_Kilmeade,news,"00:25:15,397","00:31:14,555",359.158
FOXNEWSW_20230122_040000_One_Nation_With_Brian_Kilmeade,ad,"00:31:20,361","00:31:50,124",29.763
FOXNEWSW_20230122_040000_One_Nation_With_Brian_Kilmeade,news,"00:35:01,048","00:39:58,812",297.764
FOXNEWSW_20230122_040000_One_Nation_With_Brian_Kilmeade,ad,"00:39:59,413","00:41:28,669",89.256
FOXNEWSW_20230122_040000_One_Nation_With_Brian_Kilmeade,news,"00:44:16,003","00:51:32,105",436.102
FOXNEWSW_20230122_040000_One_Nation_With_Brian_Kilmeade,ad,"00:51:33,173","00:55:17,931",224.758
FOXNEWSW_20230122_040000_One_Nation_With_Brian_Kilmeade,news,"00:56:12,452","01:01:00,939",288.487
FOXNEWSW_20230122_050000_Unfiltered_With_Dan_Bongino,news,"00:00:01,418","00:12:43,112",761.694
FOXNEWSW_20230122_050000_Unfiltered_With_Dan_Bongino,ad,"00:12:44,380","00:14:05,127",80.747
FOXNEWSW_20230122_050000_Unfiltered_With_Dan_Bongino,news,"00:16:30,305","00:22:19,354",349.049
FOXNEWSW_20230122_050000_Unfiltered_With_Dan_Bongino,ad,"00:22:19,688","00:24:19,074",119.386
FOXNEWSW_20230122_050000_Unfiltered_With_Dan_Bongino,news,"00:26:06,548","00:29:56,878",230.33
FOXNEWSW_20230122_050000_Unfiltered_With_Dan_Bongino,ad,"00:30:27,041","00:31:26,067",59.026
FOXNEWSW_20230122_050000_Unfiltered_With_Dan_Bongino,news,"00:34:34,856","00:40:39,320",364.464
FOXNEWSW_20230122_050000_Unfiltered_With_Dan_Bongino,ad,"00:40:39,653","00:42:09,310",89.657
FOXNEWSW_20230122_050000_Unfiltered_With_Dan_Bongino,news,"00:44:29,416","00:51:47,387",437.971
FOXNEWSW_20230122_050000_Unfiltered_With_Dan_Bongino,ad,"00:51:47,587","00:53:32,425",104.838
FOXNEWSW_20230122_050000_Unfiltered_With_Dan_Bongino,news,"00:55:54,601","01:01:01,140",306.539
FOXNEWSW_20230122_060000_Lawrence_Jones_Cross_Country,news,"00:00:03,636","00:16:55,614",1011.978
FOXNEWSW_20230122_060000_Lawrence_Jones_Cross_Country,ad,"00:17:01,153","00:19:00,806",119.653
FOXNEWSW_20230122_060000_Lawrence_Jones_Cross_Country,news,"00:20:47,729","00:25:48,196",300.467
FOXNEWSW_20230122_060000_Lawrence_Jones_Cross_Country,ad,"00:25:49,430","00:26:33,941",44.511
FOXNEWSW_20230122_060000_Lawrence_Jones_Cross_Country,news,"00:29:36,925","00:38:13,808",516.883
FOXNEWSW_20230122_060000_Lawrence_Jones_Cross_Country,ad,"00:38:18,112","00:42:17,751",239.639
FOXNEWSW_20230122_060000_Lawrence_Jones_Cross_Country,news,"00:42:26,994","00:48:26,486",359.492
FOXNEWSW_20230122_060000_Lawrence_Jones_Cross_Country,ad,"00:48:27,120","00:52:12,095",224.975
FOXNEWSW_20230122_060000_Lawrence_Jones_Cross_Country,news,"00:52:12,562","00:55:47,177",214.615
FOXNEWSW_20230122_060000_Lawrence_Jones_Cross_Country,ad,"00:55:49,145","00:57:03,953",74.808
FOXNEWSW_20230122_060000_Lawrence_Jones_Cross_Country,news,"00:59:53,656","01:01:00,939",67.283
FOXNEWSW_20240201_040000_Fox_News_at_Night,news,"00:00:28,211","00:22:37,172",1328.961
FOXNEWSW_20240201_040000_Fox_News_at_Night,ad,"00:22:37,305","00:27:45,330",308.025
FOXNEWSW_20240201_040000_Fox_News_at_Night,news,"00:28:01,930","00:47:38,939",1177.009
FOXNEWSW_20240201_040000_Fox_News_at_Night,ad,"00:47:39,739","00:51:32,606",232.867
FOXNEWSW_20240201_040000_Fox_News_at_Night,news,"00:52:29,596","00:55:43,957",194.361
FOXNEWSW_20240201_040000_Fox_News_at_Night,ad,"00:55:45,426","00:59:38,591",233.165
FOXNEWSW_20240201_040000_Fox_News_at_Night,news,"01:00:40,219","01:01:02,191",21.972
FOXNEWSW_20240201_050000_The_Five,news,"00:00:39,906","00:11:03,462",623.556
FOXNEWSW_20240201_050000_The_Five,ad,"00:11:04,863","00:14:42,948",218.085
FOXNEWSW_20240201_050000_The_Five,news,"00:15:25,240","00:37:01,168",1295.928
FOXNEWSW_20240201_050000_The_Five,ad,"00:37:01,969","00:37:29,497",27.528
FOXNEWSW_20240201_050000_The_Five,news,"00:41:09,250","00:48:33,393",444.143
FOXNEWSW_20240201_050000_The_Five,ad,"00:48:34,662","00:48:46,006",11.344
FOXNEWSW_20240201_050000_The_Five,news,"00:52:21,338","00:54:57,494",156.156
FOXNEWSW_20240201_050000_The_Five,ad,"00:55:01,297","00:55:44,574",43.277
FOXNEWSW_20240201_050000_The_Five,news,"00:55:44,774","01:01:02,207",317.433
FOXNEWSW_20240201_060000_Jesse_Watters_Primetime,news,"00:00:04,404","00:15:55,187",950.783
FOXNEWSW_20240201_060000_Jesse_Watters_Primetime,ad,"00:15:55,187","00:15:57,489",2.302
FOXNEWSW_20240201_060000_Jesse_Watters_Primetime,news,"00:15:57,690","00:19:50,522",232.832
FOXNEWSW_20240201_060000_Jesse_Watters_Primetime,ad,"00:19:52,925","00:20:17,082",24.157
FOXNEWSW_20240201_060000_Jesse_Watters_Primetime,news,"00:20:20,852","00:41:03,227",1242.375
FOXNEWSW_20240201_060000_Jesse_Watters_Primetime,ad,"00:41:03,227","00:41:05,763",2.536
FOXNEWSW_20240201_060000_Jesse_Watters_Primetime,news,"00:41:05,963","00:41:09,733",3.77
FOXNEWSW_20240201_060000_Jesse_Watters_Primetime,ad,"00:41:09,733","00:41:12,870",3.137
FOXNEWSW_20240201_060000_Jesse_Watters_Primetime,news,"00:41:13,037","00:41:14,271",1.234
FOXNEWSW_20240201_060000_Jesse_Watters_Primetime,ad,"00:41:14,271","00:41:16,073",1.802
FOXNEWSW_20240201_060000_Jesse_Watters_Primetime,news,"00:41:16,273","00:42:58,859",102.586
FOXNEWSW_20240201_060000_Jesse_Watters_Primetime,ad,"00:43:01,196","00:43:25,386",24.19
FOXNEWSW_20240201_060000_Jesse_Watters_Primetime,news,"00:44:08,796","00:51:01,475",412.679
FOXNEWSW_20240201_060000_Jesse_Watters_Primetime,ad,"00:51:01,475","00:51:04,811",3.336
FOXNEWSW_20240201_060000_Jesse_Watters_Primetime,news,"00:51:05,045","00:51:23,096",18.051
FOXNEWSW_20240201_060000_Jesse_Watters_Primetime,ad,"00:51:25,233","00:51:25,298",0.065
FOXNEWSW_20240201_060000_Jesse_Watters_Primetime,news,"00:51:25,499","01:01:02,324",576.825
MSNBCW_20200314_030000_The_11th_Hour_With_Brian_Williams,news,"00:00:00,984","00:21:23,699",1282.715
MSNBCW_20200314_030000_The_11th_Hour_With_Brian_Williams,ad,"00:21:52,894","00:23:50,545",117.651
MSNBCW_20200314_030000_The_11th_Hour_With_Brian_Williams,news,"00:24:50,555","00:30:34,365",343.81
MSNBCW_20200314_030000_The_11th_Hour_With_Brian_Williams,ad,"00:30:48,279","00:34:09,914",201.635
MSNBCW_20200314_030000_The_11th_Hour_With_Brian_Williams,news,"00:34:10,114","00:40:13,778",363.664
MSNBCW_20200314_030000_The_11th_Hour_With_Brian_Williams,ad,"00:40:15,046","00:43:10,688",175.642
MSNBCW_20200314_030000_The_11th_Hour_With_Brian_Williams,news,"00:43:18,362","00:48:17,961",299.599
MSNBCW_20200314_030000_The_11th_Hour_With_Brian_Williams,ad,"00:48:20,965","00:50:14,878",113.913
MSNBCW_20200314_030000_The_11th_Hour_With_Brian_Williams,news,"00:51:23,330","00:54:59,713",216.383
MSNBCW_20200314_030000_The_11th_Hour_With_Brian_Williams,ad,"00:55:29,109","00:58:37,330",188.221
MSNBCW_20200314_030000_The_11th_Hour_With_Brian_Williams,news,"00:58:37,530","01:00:59,672",142.142
MSNBCW_20200314_040000_The_Rachel_Maddow_Show,news,"00:00:02,268","00:20:52,884",1250.616
MSNBCW_20200314_040000_The_Rachel_Maddow_Show,ad,"00:21:18,411","00:22:52,237",93.826
MSNBCW_20200314_040000_The_Rachel_Maddow_Show,news,"00:24:47,736","00:33:06,300",498.564
MSNBCW_20200314_040000_The_Rachel_Maddow_Show,ad,"00:33:09,905","00:36:16,123",186.218
MSNBCW_20200314_040000_The_Rachel_Maddow_Show,news,"00:36:39,780","00:43:48,208",428.428
MSNBCW_20200314_040000_The_Rachel_Maddow_Show,ad,"00:44:16,738","00:45:30,744",74.006
MSNBCW_20200314_040000_The_Rachel_Maddow_Show,news,"00:46:50,557","00:52:29,496",338.939
MSNBCW_20200314_040000_The_Rachel_Maddow_Show,ad,"00:52:29,696","00:55:57,787",208.091
MSNBCW_20200314_040000_The_Rachel_Maddow_Show,news,"00:56:03,360","00:57:37,253",93.893
MSNBCW_20200314_040000_The_Rachel_Maddow_Show,ad,"00:59:03,674","01:00:16,613",72.939
MSNBCW_20200314_040000_The_Rachel_Maddow_Show,news,"01:00:31,661","01:01:00,823",29.162
MSNBCW_20200314_050000_The_Last_Word_With_Lawrence_ODonnell,ad,"00:00:03,604","00:00:15,582",11.978
MSNBCW_20200314_050000_The_Last_Word_With_Lawrence_ODonnell,news,"00:00:30,630","00:20:33,999",1203.369
MSNBCW_20200314_050000_The_Last_Word_With_Lawrence_ODonnell,ad,"00:20:33,999","00:24:09,448",215.449
MSNBCW_20200314_050000_The_Last_Word_With_Lawrence_ODonnell,news,"00:24:50,121","00:33:46,090",535.969
MSNBCW_20200314_050000_The_Last_Word_With_Lawrence_ODonnell,ad,"00:33:54,466","00:37:47,857",233.391
MSNBCW_20200314_050000_The_Last_Word_With_Lawrence_ODonnell,news,"00:37:48,057","00:44:29,058",401.001
MSNBCW_20200314_050000_The_Last_Word_With_Lawrence_ODonnell,ad,"00:44:37,132","00:47:36,678",179.546
MSNBCW_20200314_050000_The_Last_Word_With_Lawrence_ODonnell,news,"00:48:11,613","00:53:34,836",323.223
MSNBCW_20200314_050000_The_Last_Word_With_Lawrence_ODonnell,ad,"00:54:51,012","00:57:02,610",131.598
MSNBCW_20200314_050000_The_Last_Word_With_Lawrence_ODonnell,news,"00:57:47,355","01:01:00,047",192.692
MSNBCW_20210110_040000_The_Week_With_Joshua_Johnson,news,"00:00:14,630","00:18:10,939",1076.309
MSNBCW_20210110_040000_The_Week_With_Joshua_Johnson,ad,"00:19:12,267","00:22:18,286",186.019
MSNBCW_20210110_040000_The_Week_With_Joshua_Johnson,news,"00:22:18,487","00:26:27,202",248.715
MSNBCW_20210110_040000_The_Week_With_Joshua_Johnson,ad,"00:26:28,069","00:28:57,152",149.083
MSNBCW_20210110_040000_The_Week_With_Joshua_Johnson,news,"00:30:33,814","00:38:53,214",499.4
MSNBCW_20210110_040000_The_Week_With_Joshua_Johnson,ad,"00:39:24,611","00:42:06,607",161.996
MSNBCW_20210110_040000_The_Week_With_Joshua_Johnson,news,"00:42:06,840","00:46:46,653",279.813
MSNBCW_20210110_040000_The_Week_With_Joshua_Johnson,ad,"00:46:47,987","00:50:17,230",209.243
MSNBCW_20210110_040000_The_Week_With_Joshua_Johnson,news,"00:50:25,638","00:56:49,789",384.151
MSNBCW_20210110_040000_The_Week_With_Joshua_Johnson,ad,"00:56:50,657","00:59:44,364",173.707
MSNBCW_20210110_040000_The_Week_With_Joshua_Johnson,news,"01:00:23,236","01:01:00,840",37.604
MSNBCW_20210110_050000_The_Week_With_Joshua_Johnson,news,"00:00:23,273","00:15:59,742",936.469
MSNBCW_20210110_050000_The_Week_With_Joshua_Johnson,ad,"00:16:00,944","00:19:31,837",210.893
MSNBCW_20210110_050000_The_Week_With_Joshua_Johnson,news,"00:19:32,070","00:29:18,123",586.053
MSNBCW_20210110_050000_The_Week_With_Joshua_Johnson,ad,"00:29:18,189","00:33:22,000",243.811
MSNBCW_20210110_050000_The_Week_With_Joshua_Johnson,news,"00:33:22,233","00:39:16,020",353.787
MSNBCW_20210110_050000_The_Week_With_Joshua_Johnson,ad,"00:39:18,022","00:42:19,003",180.981
MSNBCW_20210110_050000_The_Week_With_Joshua_Johnson,news,"00:42:19,203","00:48:07,551",348.348
MSNBCW_20210110_050000_The_Week_With_Joshua_Johnson,ad,"00:48:09,754","00:51:05,629",175.875
MSNBCW_20210110_050000_The_Week_With_Joshua_Johnson,news,"00:52:12,228","00:56:48,405",276.177
MSNBCW_20210110_050000_The_Week_With_Joshua_Johnson,ad,"00:56:49,272","01:00:34,080",224.808
MSNBCW_20210110_050000_The_Week_With_Joshua_Johnson,news,"01:00:34,280","01:01:00,940",26.66
MSNBCW_20220425_030000_The_Mehdi_Hasan_Show,news,"00:00:37,187","00:13:23,085",765.898
MSNBCW_20220425_030000_The_Mehdi_Hasan_Show,ad,"00:13:24,354","00:17:36,004",251.65
MSNBCW_20220425_030000_The_Mehdi_Hasan_Show,news,"00:15:06,389","00:28:15,510",789.121
MSNBCW_20220425_030000_The_Mehdi_Hasan_Show,ad,"00:28:39,200","00:32:40,975",241.775
MSNBCW_20220425_030000_The_Mehdi_Hasan_Show,news,"00:31:56,865","00:34:04,925",128.06
MSNBCW_20220425_030000_The_Mehdi_Hasan_Show,ad,"00:34:06,393","00:37:05,339",178.946
MSNBCW_20220425_030000_The_Mehdi_Hasan_Show,news,"00:37:03,338","00:44:07,795",424.457
MSNBCW_20220425_030000_The_Mehdi_Hasan_Show,ad,"00:44:17,939","00:47:08,342",170.403
MSNBCW_20220425_030000_The_Mehdi_Hasan_Show,news,"00:47:05,840","00:53:37,230",391.39
MSNBCW_20220425_030000_The_Mehdi_Hasan_Show,ad,"00:53:43,303","00:57:17,717",214.414
MSNBCW_20220425_030000_The_Mehdi_Hasan_Show,news,"00:56:39,413","01:01:00,989",261.576
MSNBCW_20220425_040000_Ayman,news,"00:00:04,688","00:11:40,249",695.561
MSNBCW_20220425_040000_Ayman,ad,"00:11:44,853","00:14:39,895",175.042
MSNBCW_20220425_040000_Ayman,news,"00:14:37,561","00:24:39,093",601.532
MSNBCW_20220425_040000_Ayman,ad,"00:24:44,899","00:28:50,278",245.379
MSNBCW_20220425_040000_Ayman,news,"00:28:39,935","00:37:19,520",519.585
MSNBCW_20220425_040000_Ayman,ad,"00:37:24,858","00:40:24,472",179.614
MSNBCW_20220425_040000_Ayman,news,"00:40:22,838","00:48:28,989",486.151
MSNBCW_20220425_040000_Ayman,ad,"00:48:45,006","00:51:23,463",158.457
MSNBCW_20220425_040000_Ayman,news,"00:51:21,829","00:56:45,952",324.123
MSNBCW_20220425_040000_Ayman,ad,"00:56:51,158","01:00:19,098",207.94
MSNBCW_20220425_040000_Ayman,news,"00:59:30,985","01:01:00,939",89.954
MSNBCW_20230122_040600_American_Voices_With_Alicia_Menendez,news,"00:00:05,154","00:17:56,424",1071.27
MSNBCW_20230122_040600_American_Voices_With_Alicia_Menendez,ad,"00:17:57,093","00:19:50,272",113.179
MSNBCW_20230122_040600_American_Voices_With_Alicia_Menendez,news,"00:22:29,081","00:27:01,953",272.872
MSNBCW_20230122_040600_American_Voices_With_Alicia_Menendez,ad,"00:27:04,690","00:30:55,119",230.429
MSNBCW_20230122_040600_American_Voices_With_Alicia_Menendez,news,"00:30:53,652","00:46:41,265",947.613
MSNBCW_20230122_040600_American_Voices_With_Alicia_Menendez,ad,"00:46:45,336","00:48:25,235",99.899
MSNBCW_20230122_040600_American_Voices_With_Alicia_Menendez,news,"00:48:24,435","00:51:21,411",176.976
MSNBCW_20230122_040600_American_Voices_With_Alicia_Menendez,ad,"00:51:24,415","00:55:01,247",216.832
MSNBCW_20230122_050000_Ayman,ad,"00:00:18,769","00:01:01,144",42.375
MSNBCW_20230122_050000_Ayman,news,"00:00:26,577","00:15:52,568",925.991
MSNBCW_20230122_050000_Ayman,ad,"00:15:54,637","00:19:23,695",209.058
MSNBCW_20230122_050000_Ayman,news,"00:19:14,353","00:27:58,209",523.856
MSNBCW_20230122_050000_Ayman,ad,"00:27:59,345","00:32:05,206",245.861
MSNBCW_20230122_050000_Ayman,news,"00:31:53,328","00:40:29,576",516.248
MSNBCW_20230122_050000_Ayman,ad,"00:40:33,048","00:43:25,052",172.004
MSNBCW_20230122_050000_Ayman,news,"00:43:35,229","00:46:25,732",170.503
MSNBCW_20230122_050000_Ayman,ad,"00:46:27,935","00:49:31,718",183.783
MSNBCW_20230122_050000_Ayman,news,"00:49:28,716","00:57:26,259",477.543
MSNBCW_20230122_050000_Ayman,ad,"00:57:26,259","01:00:53,516",207.257
MSNBCW_20230122_050000_Ayman,news,"01:00:26,957","01:01:02,775",35.818
MSNBCW_20240201_040000_The_11th_Hour_With_Stephanie_Ruhle,ad,"00:00:04,138","00:00:23,790",19.652
MSNBCW_20240201_040000_The_11th_Hour_With_Stephanie_Ruhle,news,"00:00:32,432","00:16:42,034",969.602
MSNBCW_20240201_040000_The_11th_Hour_With_Stephanie_Ruhle,ad,"00:16:42,869","00:21:13,922",271.053
MSNBCW_20240201_040000_The_11th_Hour_With_Stephanie_Ruhle,news,"00:21:14,422","00:34:18,873",784.451
MSNBCW_20240201_040000_The_11th_Hour_With_Stephanie_Ruhle,ad,"00:34:20,275","00:38:57,168",276.893
MSNBCW_20240201_040000_The_11th_Hour_With_Stephanie_Ruhle,news,"00:38:57,668","00:45:46,110",408.442
MSNBCW_20240201_040000_The_11th_Hour_With_Stephanie_Ruhle,ad,"00:45:47,011","00:47:28,846",101.835
MSNBCW_20240201_040000_The_11th_Hour_With_Stephanie_Ruhle,news,"00:50:23,220","00:58:03,046",459.826
MSNBCW_20240201_040000_The_11th_Hour_With_Stephanie_Ruhle,ad,"00:58:03,146","00:58:09,752",6.606
MSNBCW_20240201_040000_The_11th_Hour_With_Stephanie_Ruhle,news,"00:58:11,087","00:58:33,543",22.456
MSNBCW_20240201_040000_The_11th_Hour_With_Stephanie_Ruhle,ad,"00:58:35,779","01:01:02,257",146.478
MSNBCW_20240201_050000_Alex_Wagner_Tonight,ad,"00:00:03,270","00:01:58,818",115.548
MSNBCW_20240201_050000_Alex_Wagner_Tonight,news,"00:02:06,860","00:18:13,892",967.032
MSNBCW_20240201_050000_Alex_Wagner_Tonight,ad,"00:18:15,895","00:22:08,226",232.331
MSNBCW_20240201_050000_Alex_Wagner_Tonight,news,"00:22:22,741","00:30:28,660",485.919
MSNBCW_20240201_050000_Alex_Wagner_Tonight,ad,"00:30:32,630","00:32:17,168",104.538
MSNBCW_20240201_050000_Alex_Wagner_Tonight,news,"00:32:47,498","00:33:01,980",14.482
MSNBCW_20240201_050000_Alex_Wagner_Tonight,ad,"00:34:01,589","00:35:02,049",60.46
MSNBCW_20240201_050000_Alex_Wagner_Tonight,news,"00:35:14,261","00:51:03,009",948.748
MSNBCW_20240201_050000_Alex_Wagner_Tonight,ad,"00:51:04,811","00:55:09,155",244.344
MSNBCW_20240201_050000_Alex_Wagner_Tonight,news,"00:55:09,655","01:01:02,341",352.686
MSNBCW_20240201_060000_The_Last_Word_With_Lawrence_ODonnell,news,"00:00:03,486","00:19:43,999",1180.513
MSNBCW_20240201_060000_The_Last_Word_With_Lawrence_ODonnell,ad,"00:19:45,934","00:24:23,078",277.144
MSNBCW_20240201_060000_The_Last_Word_With_Lawrence_ODonnell,news,"00:24:23,545","00:33:46,274",562.729
MSNBCW_20240201_060000_The_Last_Word_With_Lawrence_ODonnell,ad,"00:33:48,109","00:38:25,102",276.993
MSNBCW_20240201_060000_The_Last_Word_With_Lawrence_ODonnell,news,"00:38:25,569","00:44:30,968",365.399
MSNBCW_20240201_060000_The_Last_Word_With_Lawrence_ODonnell,ad,"00:44:31,101","00:48:59,036",267.935
MSNBCW_20240201_060000_The_Last_Word_With_Lawrence_ODonnell,news,"00:49:08,745","00:56:52,609",463.864
MSNBCW_20240201_060000_The_Last_Word_With_Lawrence_ODonnell,ad,"00:56:54,144","01:00:19,632",205.488
MSNBCW_20240201_060000_The_Last_Word_With_Lawrence_ODonnell,news,"01:01:00,606","01:01:02,775",2.169
